Site ID,Class,Subclass,Status,Name,Make,Model,Cabinet,U Position,Slot Position,IP Address,Serial Number,Type,Function,Contact,Contact Team,Customer,Mounting,Form Factor,Created By,Request Number,Request Stage,Created On,Origin,Notes,PowerIQ Object ID,Integration Status,VM Manager,VM Manager Integration Status,VMware Status Update Date,Customer Service,Technical Support,Account Number,Node Code,Planning Expiration
CM Shanghai,Network,NetworkStack,Planned,G0000083,Arista Networks,DCS-7280CR2A-30-F,XA.SHA.02.01.M215.01.001,29,,,JPE19092061,,,,,,Rackable,Fixed,admin,,,12/03/2019 17:32:07-05,Import,,1792,,,,,,,,M215,
CM Shanghai,Network,NetworkStack,Planned,G0000084,Arista Networks,DCS-7280SR-48C6-F,XA.SHA.02.01.M215.01.001,27,,,JPE19082276,,,,,,Rackable,Fixed,admin,,,12/03/2019 17:32:08-05,Import,,1855,,,,,,,,M215,
CM Shanghai,Network,NetworkStack,Planned,G0000085,Arista Networks,DCS-7010T-48-F,XA.SHA.02.01.M215.01.001,25,,,JPE18462582,,,,,,Rackable,Fixed,admin,,,12/03/2019 17:32:09-05,Import,,1847,,,,,,,,M215,
CM Shanghai,Network,NetworkStack,Planned,G0000086,Opengear,IM7248-2-DAC_IW,XA.SHA.02.01.M215.01.001,23,,,7.25E+13,,,,,,Rackable,Fixed,admin,,,12/03/2019 17:57:54-05,Import,,1791,,,,,,,,M215,
CM Shanghai,Network,NetworkStack,Planned,G0000087,Arista Networks,DCS-7280SR-48C6-F,XA.SHA.02.01.M215.01.001,21,,,JPE19082301,,,,,,Rackable,Fixed,admin,,,12/03/2019 17:32:11-05,Import,,1854,,,,,,,,M215,
CM Shanghai,Network,NetworkStack,Planned,G0000088,Arista Networks,DCS-7010T-48-F,XA.SHA.02.01.M215.01.001,19,,,JPE18460875,,,,,,Rackable,Fixed,admin,,,12/03/2019 17:32:11-05,Import,,1849,,,,,,,,M215,
CM Shanghai,Network,NetworkStack,Planned,G0000089,Fortinet,FortiGate 100EF,XA.SHA.02.01.M215.01.001,13,,,FG1HEFTK18001341,,,,,,Rackable,Fixed,admin,,,12/03/2019 17:32:12-05,Import,,1857,,,,,,,,M215,
CM Shanghai,Network,NetworkStack,Planned,G0000090,Opengear,IM7248-2-DAC_IW,XA.SHA.02.01.M215.01.001,10,,,7.25E+13,,,,,,Rackable,Fixed,admin,,,12/03/2019 17:57:55-05,Import,,1830,,,,,,,,M215,
CM Shanghai,Network,NetworkStack,Planned,G0000092,NOKIA,7750 SR-1s,XA.SHA.02.01.M215.01.001,4,,,NS1929F0079,,,,,,Rackable,Fixed,admin,,,12/03/2019 17:32:14-05,Import,,1790,,,,,,,,M215,
CM Shanghai,Network,NetworkStack,Planned,G0000093,Arista Networks,DCS-7010T-48-F,XA.SHA.02.01.M215.01.002,36,,,JPE18462383,,,,,,Rackable,Fixed,admin,,,12/03/2019 17:32:15-05,Import,,1851,,,,,,,,M215,
CM Shanghai,Network,NetworkStack,Planned,G0000094,Arista Networks,DCS-7280CR2A-30-F,XA.SHA.02.01.M215.01.002,29,,,JPE18433649,,,,,,Rackable,Fixed,admin,,,12/03/2019 17:32:16-05,Import,,1788,,,,,,,,M215,
CM Shanghai,Network,NetworkStack,Planned,G0000095,Arista Networks,DCS-7280SR-48C6-F,XA.SHA.02.01.M215.01.002,27,,,JPE19201728,,,,,,Rackable,Fixed,admin,,,12/03/2019 17:32:17-05,Import,,1856,,,,,,,,M215,
CM Shanghai,Network,NetworkStack,Planned,G0000096,Arista Networks,DCS-7010T-48-F,XA.SHA.02.01.M215.01.002,25,,,JPE18463759,,,,,,Rackable,Fixed,admin,,,12/03/2019 17:32:18-05,Import,,1848,,,,,,,,M215,
CM Shanghai,Network,NetworkStack,Planned,G0000099,NOKIA,7750 SR-1s,XA.SHA.02.01.M215.01.002,4,,,NS1929F0084,,,,,,Rackable,Fixed,admin,,,12/03/2019 17:32:20-05,Import,,1832,,,,,,,,M215,
CM Shanghai,Network,NetworkStack,Planned,G0000100,Arista Networks,DCS-7010T-48-F,XA.SHA.02.01.M215.01.003,28,,,JPE18462754,,,,,,Rackable,Fixed,admin,,,12/03/2019 17:32:21-05,Import,,1853,,,,,,,,M215,
CM Shanghai,Network,NetworkStack,Planned,G0000101,Arista Networks,DCS-7060SX2-48YC6-R,XA.SHA.02.01.M215.01.003,26,,,JPE18502513,,,,,,Rackable,Fixed,admin,,,01/29/2020 14:23:20-05,Import,,1843,,,,,,,,M215,
CM Shanghai,Network,NetworkStack,Planned,G0000102,Arista Networks,DCS-7010T-48-F,XA.SHA.02.01.M215.01.004,28,,,JPE18460976,,,,,,Rackable,Fixed,admin,,,12/03/2019 17:32:23-05,Import,,1852,,,,,,,,M215,
CM Shanghai,Network,NetworkStack,Planned,G0000103,Arista Networks,DCS-7060SX2-48YC6-R,XA.SHA.02.01.M215.01.004,26,,,JPE18491695,,,,,,Rackable,Fixed,admin,,,01/29/2020 14:23:22-05,Import,,1844,,,,,,,,M215,
CM Shanghai,Network,NetworkStack,Planned,G0000104,Arista Networks,DCS-7010T-48-F,XA.SHA.02.01.M215.01.005,28,,,JPE18463694,,,,,,Rackable,Fixed,admin,,,12/03/2019 17:32:25-05,Import,,1861,,,,,,,,M215,
CM Shanghai,Network,NetworkStack,Planned,G0000105,Arista Networks,DCS-7060SX2-48YC6-R,XA.SHA.02.01.M215.01.005,26,,,JPE18334127,,,,,,Rackable,Fixed,admin,,,01/29/2020 14:23:24-05,Import,,1846,,,,,,,,M215,
CM Shanghai,Network,NetworkStack,Planned,G0000218,Arista Networks,DCS-7010T-48-F,XA.SHA.02.01.M215.01.006,28,,,JPE18462755,,,,,,Rackable,Fixed,admin,,,12/03/2019 17:32:27-05,Import,,1850,,,,,,,,M215,
CM Shanghai,Network,NetworkStack,Planned,G0000219,Arista Networks,DCS-7060SX2-48YC6-R,XA.SHA.02.01.M215.01.006,26,,,JPE18502509,,,,,,Rackable,Fixed,admin,,,01/29/2020 14:23:25-05,Import,,1845,,,,,,,,M215,
CM Beijing,Network,NetworkStack,Planned,G0000220,NOKIA,7750 SR-1s,XA.BJS.02.02.2009.01.002,4,,,NS1930F0017,,,,,,Rackable,Fixed,lu_d_zhang,,,04/24/2020 03:17:02-04,Client,,2254,,,,,,,,2009,
CM Shanghai,Network,NetworkStack,Planned,G0000221,PaloAlto Networks,PA-5220,XA.SHA.02.01.M215.01.002,11,,,13201019640,,,,,,Rackable,Fixed,allen_lin4,,,04/09/2020 10:12:44-04,Cloning,,1813,,,,,,,,M215,
CU Beijing,Network,NetworkStack,Planned,G0000222,Arista Networks,DCS-7280CR2A-30-F,XA.BJS.03.04.L4M2.01.004,29,,,JPE19452238,,,,,,Rackable,Fixed,lu_d_zhang,,,06/10/2020 02:05:06-04,Client,,2116,,,,,,,,L4M2,
DR Peng Shanghai,Network,NetworkStack,Planned,G0000223,Arista Networks,DCS-7280CR2A-30-F,XA.SHA.04.03.MD10.01.002,29,,,JPE19452275,,,,,,Rackable,Fixed,lu_d_zhang,,,08/16/2020 23:07:30-04,Client,,2624,,,,,,,,MD10,
CU Shanghai,Network,NetworkStack,Planned,G0000224,Arista Networks,DCS-7280CR2A-30-F,XA.SHA.03.03.J2J3.01.002,15,,,JPE19222154,,,,,,Rackable,Fixed,lu_d_zhang,,,09/16/2020 05:28:59-04,Client,,2784,,,,,,,,J2J3,
DR Peng Shanghai,Network,NetworkStack,Planned,G0000225,Arista Networks,DCS-7280CR2A-30-F,XA.SHA.04.03.MD10.01.002,15,,,JPE20110864,,,,,,Rackable,Fixed,lu_d_zhang,,,12/02/2020 00:59:36-05,Cloning,,27164,,,,,,,,MD10,
CU Shanghai,Network,NetworkStack,Planned,G0000267,Arista Networks,DCS-7280CR2A-30-F,XA.SHA.03.03.J2J3.01.001,29,,,JPE19221963,,,,,,Rackable,Fixed,admin,,,12/03/2019 17:32:28-05,Import,,1707,,,,,,,,J2J3,
CU Shanghai,Network,NetworkStack,Planned,G0000268,Arista Networks,DCS-7280SR-48C6-F,XA.SHA.03.03.J2J3.01.001,27,,,JPE19082303,,,,,,Rackable,Fixed,admin,,,12/03/2019 17:32:29-05,Import,,1664,,,,,,,,J2J3,
CU Shanghai,Network,NetworkStack,Planned,G0000269,Arista Networks,DCS-7010T-48-F,XA.SHA.03.03.J2J3.01.001,25,,,JPE18461014,,,,,,Rackable,Fixed,admin,,,12/03/2019 17:32:30-05,Import,,1703,,,,,,,,J2J3,
CU Shanghai,Network,NetworkStack,Planned,G0000270,Opengear,IM7248-2-DAC_IW,XA.SHA.03.03.J2J3.01.001,23,,,7.25E+13,,,,,,Rackable,Fixed,admin,,,12/03/2019 17:57:56-05,Import,,1661,,,,,,,,J2J3,
CU Shanghai,Network,NetworkStack,Planned,G0000271,Arista Networks,DCS-7280SR-48C6-F,XA.SHA.03.03.J2J3.01.001,21,,,JPE19082289,,,,,,Rackable,Fixed,admin,,,12/03/2019 17:32:32-05,Import,,1708,,,,,,,,J2J3,
CU Shanghai,Network,NetworkStack,Planned,G0000272,Arista Networks,DCS-7010T-48-F,XA.SHA.03.03.J2J3.01.001,19,,,JPE18462598,,,,,,Rackable,Fixed,admin,,,12/03/2019 17:32:33-05,Import,,1702,,,,,,,,J2J3,
CU Shanghai,Network,NetworkStack,Planned,G0000273,Fortinet,FortiGate 100EF,XA.SHA.03.03.J2J3.01.001,13,,,FG1HEFTK18001193,,,,,,Rackable,Fixed,admin,,,12/03/2019 17:32:34-05,Import,,1662,,,,,,,,J2J3,
CU Shanghai,Network,NetworkStack,Planned,G0000274,Opengear,IM7248-2-DAC_IW,XA.SHA.03.03.J2J3.01.001,10,,,7.25E+13,,,,,,Rackable,Fixed,admin,,,12/03/2019 17:57:57-05,Import,,1663,,,,,,,,J2J3,
CU Shanghai,Network,NetworkStack,Planned,G0000275,NOKIA,7750 SR-1s,XA.SHA.03.03.J2J3.01.001,4,,,NS1929F0137,,,,,,Rackable,Fixed,admin,,,12/03/2019 17:32:35-05,Import,,1660,,,,,,,,J2J3,
CU Shanghai,Network,NetworkStack,Planned,G0000276,Arista Networks,DCS-7010T-48-F,XA.SHA.03.03.J2J3.01.002,36,,,JPE18462630,,,,,,Rackable,Fixed,admin,,,12/03/2019 17:32:36-05,Import,,1704,,,,,,,,J2J3,
CU Shanghai,Network,NetworkStack,Planned,G0000277,Arista Networks,DCS-7280CR2A-30-F,XA.SHA.03.03.J2J3.01.002,29,,,JPE19221979,,,,,,Rackable,Fixed,admin,,,12/03/2019 17:32:37-05,Import,,1706,,,,,,,,J2J3,
CU Shanghai,Network,NetworkStack,Planned,G0000278,Arista Networks,DCS-7280SR-48C6-F,XA.SHA.03.03.J2J3.01.002,27,,,JPE19082326,,,,,,Rackable,Fixed,admin,,,12/03/2019 17:32:38-05,Import,,1709,,,,,,,,J2J3,
CU Shanghai,Network,NetworkStack,Planned,G0000279,Arista Networks,DCS-7010T-48-F,XA.SHA.03.03.J2J3.01.002,25,,,JPE18460849,,,,,,Rackable,Fixed,admin,,,12/03/2019 17:32:39-05,Import,,1701,,,,,,,,J2J3,
CU Shanghai,Network,NetworkStack,Planned,G0000280,PaloAlto Networks,PA-5220,XA.SHA.03.03.J2J3.01.002,11,,,13201015913,,,,,,Rackable,Fixed,admin,,,12/03/2019 17:32:40-05,Import,,1689,,,,,,,,J2J3,
CU Shanghai,Network,NetworkStack,Planned,G0000281,NOKIA,7750 SR-1s,XA.SHA.03.03.J2J3.01.002,4,,,NS1929F0141,,,,,,Rackable,Fixed,admin,,,12/03/2019 17:32:41-05,Import,,1659,,,,,,,,J2J3,
CU Shanghai,Network,NetworkStack,Planned,G0000282,Arista Networks,DCS-7010T-48-F,XA.SHA.03.03.J2J3.01.003,28,,,JPE18463674,,,,,,Rackable,Fixed,admin,,,12/03/2019 17:32:41-05,Import,,1705,,,,,,,,J2J3,
CU Shanghai,Network,NetworkStack,Planned,G0000283,Arista Networks,DCS-7060SX2-48YC6-R,XA.SHA.03.03.J2J3.01.003,26,,,JPE18502280,,,,,,Rackable,Fixed,admin,,,01/29/2020 14:23:26-05,Import,,1697,,,,,,,,J2J3,
CU Shanghai,Network,NetworkStack,Planned,G0000284,Arista Networks,DCS-7010T-48-F,XA.SHA.03.03.J2J3.01.004,28,,,JPE18462405,,,,,,Rackable,Fixed,admin,,,12/03/2019 17:32:43-05,Import,,1699,,,,,,,,J2J3,
CU Shanghai,Network,NetworkStack,Planned,G0000285,Arista Networks,DCS-7060SX2-48YC6-R,XA.SHA.03.03.J2J3.01.004,26,,,JPE18502504,,,,,,Rackable,Fixed,admin,,,01/29/2020 14:23:28-05,Import,,1698,,,,,,,,J2J3,
CU Shanghai,Network,NetworkStack,Planned,G0000286,Arista Networks,DCS-7010T-48-F,XA.SHA.03.03.J2J3.01.005,28,,,JPE18462297,,,,,,Rackable,Fixed,admin,,,12/03/2019 17:32:46-05,Import,,1700,,,,,,,,J2J3,
CU Shanghai,Network,NetworkStack,Planned,G0000287,Arista Networks,DCS-7060SX2-48YC6-R,XA.SHA.03.03.J2J3.01.005,26,,,JPE18502475,,,,,,Rackable,Fixed,admin,,,01/29/2020 14:23:30-05,Import,,1672,,,,,,,,J2J3,
CU Chengdu,Network,NetworkStack,Planned,G0000316,Arista Networks,DCS-7280CR2A-30-F,XA.CTU.03.03.C303.01.001,29,,,JPE19270317,,,,,,Rackable,Fixed,admin,,,12/03/2019 17:32:48-05,Import,,1775,,,,,,,,C303,
CU Chengdu,Network,NetworkStack,Planned,G0000317,Arista Networks,DCS-7280SR-48C6-F,XA.CTU.03.03.C303.01.001,27,,,JPE19082308,,,,,,Rackable,Fixed,admin,,,12/03/2019 17:32:49-05,Import,,1772,,,,,,,,C303,
CU Chengdu,Network,NetworkStack,Planned,G0000318,Arista Networks,DCS-7010T-48-F,XA.CTU.03.03.C303.01.001,25,,,JPE18462623,,,,,,Rackable,Fixed,admin,,,12/03/2019 17:32:50-05,Import,,1768,,,,,,,,C303,
CU Chengdu,Network,NetworkStack,Planned,G0000319,Opengear,IM7248-2-DAC_IW,XA.CTU.03.03.C303.01.001,23,,,7.25E+13,,,,,,Rackable,Fixed,admin,,,12/03/2019 17:57:58-05,Import,,1754,,,,,,,,C303,
CU Chengdu,Network,NetworkStack,Planned,G0000320,Arista Networks,DCS-7280SR-48C6-F,XA.CTU.03.03.C303.01.001,21,,,JPE19082302,,,,,,Rackable,Fixed,admin,,,12/03/2019 17:32:52-05,Import,,1774,,,,,,,,C303,
CU Chengdu,Network,NetworkStack,Planned,G0000321,Arista Networks,DCS-7010T-48-F,XA.CTU.03.03.C303.01.001,19,,,JPE18462332,,,,,,Rackable,Fixed,admin,,,12/03/2019 17:32:52-05,Import,,1755,,,,,,,,C303,
CU Chengdu,Network,NetworkStack,Planned,G0000322,Fortinet,FortiGate 100EF,XA.CTU.03.03.C303.01.001,13,,,FG1HEFTK18001156,,,,,,Rackable,Fixed,admin,,,12/03/2019 17:32:53-05,Import,,1789,,,,,,,,C303,
CU Chengdu,Network,NetworkStack,Planned,G0000323,Opengear,IM7248-2-DAC_IW,XA.CTU.03.03.C303.01.001,10,,,7.25E+13,,,,,,Rackable,Fixed,admin,,,12/03/2019 17:57:59-05,Import,,1771,,,,,,,,C303,
CU Chengdu,Network,NetworkStack,Planned,G0000324,NOKIA,7750 SR-1s,XA.CTU.03.03.C303.01.001,4,,,NS1929F0022,,,,,,Rackable,Fixed,admin,,,12/03/2019 17:32:55-05,Import,,1757,,,,,,,,C303,
CU Chengdu,Network,NetworkStack,Planned,G0000325,Arista Networks,DCS-7010T-48-F,XA.CTU.03.03.C303.01.002,36,,,JPE18462353,,,,,,Rackable,Fixed,admin,,,12/03/2019 17:32:56-05,Import,,1770,,,,,,,,C303,
CU Chengdu,Network,NetworkStack,Planned,G0000326,Arista Networks,DCS-7280CR2A-30-F,XA.CTU.03.03.C303.01.002,29,,,JPE19222178,,,,,,Rackable,Fixed,admin,,,12/03/2019 17:32:57-05,Import,,1773,,,,,,,,C303,
CU Chengdu,Network,NetworkStack,Planned,G0000327,Arista Networks,DCS-7280SR-48C6-F,XA.CTU.03.03.C303.01.002,27,,,JPE19082361,,,,,,Rackable,Fixed,admin,,,12/03/2019 17:32:58-05,Import,,1769,,,,,,,,C303,
CU Chengdu,Network,NetworkStack,Planned,G0000328,Arista Networks,DCS-7010T-48-F,XA.CTU.03.03.C303.01.002,25,,,JPE18462645,,,,,,Rackable,Fixed,admin,,,12/03/2019 17:32:59-05,Import,,1765,,,,,,,,C303,
CU Chengdu,Network,NetworkStack,Planned,G0000329,PaloAlto Networks,PA-5220,XA.CTU.03.03.C303.01.002,11,,,13201015910,,,,,,Rackable,Fixed,admin,,,12/03/2019 17:32:59-05,Import,,1781,,,,,,,,C303,
CU Chengdu,Network,NetworkStack,Planned,G0000330,NOKIA,7750 SR-1s,XA.CTU.03.03.C303.01.002,4,,,NS1929F0097,,,,,,Rackable,Fixed,admin,,,12/03/2019 17:33:00-05,Import,,1756,,,,,,,,C303,
CU Chengdu,Network,NetworkStack,Planned,G0000331,Arista Networks,DCS-7010T-48-F,XA.CTU.03.03.C303.01.003,28,,,JPE18460740,,,,,,Rackable,Fixed,admin,,,12/03/2019 17:33:01-05,Import,,1766,,,,,,,,C303,
CU Chengdu,Network,NetworkStack,Planned,G0000332,Arista Networks,DCS-7060SX2-48YC6-R,XA.CTU.03.03.C303.01.003,26,,,JPE18502282,,,,,,Rackable,Fixed,admin,,,01/29/2020 14:23:06-05,Import,,1786,,,,,,,,C303,
CU Chengdu,Network,NetworkStack,Planned,G0000333,Arista Networks,DCS-7010T-48-F,XA.CTU.03.03.C303.01.004,28,,,JPE18463697,,,,,,Rackable,Fixed,admin,,,12/03/2019 17:33:03-05,Import,,1767,,,,,,,,C303,
CU Chengdu,Network,NetworkStack,Planned,G0000334,Arista Networks,DCS-7060SX2-48YC6-R,XA.CTU.03.03.C303.01.004,26,,,JPE18502461,,,,,,Rackable,Fixed,admin,,,01/29/2020 14:23:08-05,Import,,1787,,,,,,,,C303,
CT Chengdu,Network,NetworkStack,Planned,G0000351,Arista Networks,DCS-7280CR2A-30-F,XA.CTU.02.01.4110.01.001,29,,,JPE19092055,,,,,,Rackable,Fixed,admin,,,12/03/2019 17:33:05-05,Import,,2185,,,,,,,,4110,
CT Chengdu,Network,NetworkStack,Planned,G0000352,Arista Networks,DCS-7280SR-48C6-F,XA.CTU.02.01.4110.01.001,27,,,JPE19082293,,,,,,Rackable,Fixed,admin,,,12/03/2019 17:33:06-05,Import,,2183,,,,,,,,4110,
CT Chengdu,Network,NetworkStack,Planned,G0000353,Arista Networks,DCS-7010T-48-F,XA.CTU.02.01.4110.01.001,25,,,JPE18462530,,,,,,Rackable,Fixed,admin,,,12/03/2019 17:33:07-05,Import,,2217,,,,,,,,4110,
CT Chengdu,Network,NetworkStack,Planned,G0000354,Opengear,IM7248-2-DAC_IW,XA.CTU.02.01.4110.01.001,23,,,7.25E+13,,,,,,Rackable,Fixed,admin,,,12/03/2019 17:58:00-05,Import,,2182,,,,,,,,4110,
CT Chengdu,Network,NetworkStack,Planned,G0000355,Arista Networks,DCS-7280SR-48C6-F,XA.CTU.02.01.4110.01.001,21,,,JPE19082277,,,,,,Rackable,Fixed,admin,,,12/03/2019 17:33:09-05,Import,,2188,,,,,,,,4110,
CT Chengdu,Network,NetworkStack,Planned,G0000356,Arista Networks,DCS-7010T-48-F,XA.CTU.02.01.4110.01.001,19,,,JPE18462579,,,,,,Rackable,Fixed,admin,,,12/03/2019 17:33:10-05,Import,,2184,,,,,,,,4110,
CT Chengdu,Network,NetworkStack,Planned,G0000357,Fortinet,FortiGate 100EF,XA.CTU.02.01.4110.01.001,13,,,FG1HEFTK18001132,,,,,,Rackable,Fixed,admin,,,12/03/2019 17:33:11-05,Import,,2218,,,,,,,,4110,
CT Chengdu,Network,NetworkStack,Planned,G0000358,Opengear,IM7248-2-DAC_IW,XA.CTU.02.01.4110.01.001,10,,,7.25E+13,,,,,,Rackable,Fixed,admin,,,12/03/2019 17:58:01-05,Import,,2187,,,,,,,,4110,
CT Chengdu,Network,NetworkStack,Planned,G0000359,NOKIA,7750 SR-1s,XA.CTU.02.01.4110.01.001,4,,,NS1929F0179,,,,,,Rackable,Fixed,admin,,,12/03/2019 17:33:12-05,Import,,2176,,,,,,,,4110,
CT Chengdu,Network,NetworkStack,Planned,G0000360,Arista Networks,DCS-7010T-48-F,XA.CTU.02.01.4110.01.002,36,,,JPE18462412,,,,,,Rackable,Fixed,admin,,,12/03/2019 17:33:13-05,Import,,2180,,,,,,,,4110,
CT Chengdu,Network,NetworkStack,Planned,G0000361,Arista Networks,DCS-7280CR2A-30-F,XA.CTU.02.01.4110.01.002,29,,,JPE19092044,,,,,,Rackable,Fixed,admin,,,12/03/2019 17:33:14-05,Import,,2186,,,,,,,,4110,
CT Chengdu,Network,NetworkStack,Planned,G0000362,Arista Networks,DCS-7280SR-48C6-F,XA.CTU.02.01.4110.01.002,27,,,JPE19082347,,,,,,Rackable,Fixed,admin,,,12/03/2019 17:33:15-05,Import,,2181,,,,,,,,4110,
CT Chengdu,Network,NetworkStack,Planned,G0000363,Arista Networks,DCS-7010T-48-F,XA.CTU.02.01.4110.01.002,25,,,JPE18462439,,,,,,Rackable,Fixed,admin,,,12/03/2019 17:33:16-05,Import,,2178,,,,,,,,4110,
CT Chengdu,Network,NetworkStack,Planned,G0000364,PaloAlto Networks,PA-5220,XA.CTU.02.01.4110.01.002,11,,,13201015282,,,,,,Rackable,Fixed,admin,,,12/03/2019 17:33:17-05,Import,,2209,,,,,,,,4110,
CT Chengdu,Network,NetworkStack,Planned,G0000365,NOKIA,7750 SR-1s,XA.CTU.02.01.4110.01.002,4,,,NS1929F0133,,,,,,Rackable,Fixed,admin,,,12/03/2019 17:33:18-05,Import,,2174,,,,,,,,4110,
CT Chengdu,Network,NetworkStack,Planned,G0000366,Arista Networks,DCS-7010T-48-F,XA.CTU.02.01.4110.01.003,28,,,JPE18462682,,,,,,Rackable,Fixed,admin,,,12/03/2019 17:33:19-05,Import,,2179,,,,,,,,4110,
CT Chengdu,Network,NetworkStack,Planned,G0000367,Arista Networks,DCS-7060SX2-48YC6-R,XA.CTU.02.01.4110.01.003,26,,,JPE18491547,,,,,,Rackable,Fixed,admin,,,01/29/2020 14:23:02-05,Import,,2215,,,,,,,,4110,
CT Chengdu,Network,NetworkStack,Planned,G0000368,Arista Networks,DCS-7010T-48-F,XA.CTU.02.01.4110.01.004,28,,,JPE18462681,,,,,,Rackable,Fixed,admin,,,12/03/2019 17:33:21-05,Import,,2177,,,,,,,,4110,
CT Chengdu,Network,NetworkStack,Planned,G0000369,Arista Networks,DCS-7060SX2-48YC6-R,XA.CTU.02.01.4110.01.004,26,,,JPE18323710,,,,,,Rackable,Fixed,admin,,,01/29/2020 14:23:04-05,Import,,2216,,,,,,,,4110,
DR Peng Shanghai,Network,NetworkStack,Planned,G0000431,NOKIA,7750 SR-1s,XA.SHA.04.03.MD10.01.001,4,,,NS1930F0131,,,,,,Rackable,Fixed,admin,,,12/03/2019 17:33:22-05,Import,,1883,,,,,,,,MD10,
DR Peng Shanghai,Network,NetworkStack,Planned,G0000454,NOKIA,7750 SR-1s,XA.SHA.04.03.MD10.01.002,4,,,NS1935F0214,,,,,,Rackable,Fixed,admin,,,12/03/2019 17:33:23-05,Import,,1886,,,,,,,,MD10,
DR Peng Shanghai,Network,NetworkStack,Planned,G0000547,PaloAlto Networks,PA-5220,XA.SHA.04.03.MD10.01.002,11,,,13201017545,,,,,,Rackable,Fixed,admin,,,12/03/2019 17:33:24-05,Import,,1887,,,,,,,,MD10,
DR Peng Beijing,Network,NetworkStack,Planned,G0000548,Arista Networks,DCS-7280CR2A-30-F,XA.BJS.04.01.MD09.01.001,29,,,JPE19350587,,,,,,Rackable,Fixed,admin,,,01/28/2020 15:12:12-05,Import,,28052,,,,,,,,MD09,
CM Beijing,Network,NetworkStack,Planned,G0000550,Opengear,IM7248-2-DAC_IW,XA.BJS.02.02.2009.01.001,23,,,7.25E+13,,,,,,Rackable,Fixed,admin,,,01/28/2020 15:35:35-05,Import,,2259,,,,,,,,2009,
CM Beijing,Network,NetworkStack,Planned,G0000551,Arista Networks,DCS-7280CR2A-30-F,XA.BJS.02.02.2009.01.001,29,,,JPE19092069,,,,,,Rackable,Fixed,admin,,,01/28/2020 15:12:16-05,Import,,2252,,,,,,,,2009,
DR Peng Beijing,Network,NetworkStack,Planned,G0000552,Arista Networks,DCS-7280CR2A-30-F,XA.BJS.04.01.MD09.01.002,29,,,JPE19380660,,,,,,Rackable,Fixed,admin,,,01/28/2020 15:12:19-05,Import,,28053,,,,,,,,MD09,
CU Beijing,Network,NetworkStack,Planned,G0000553,PaloAlto Networks,PA-5220,XA.BJS.03.04.L4M2.01.002,11,,,13201017566,,,,,,Rackable,Fixed,admin,,,01/28/2020 15:12:20-05,Import,,2125,,,,,,,,L4M2,
DR Peng Shanghai,Network,NetworkStack,Planned,G0000555,Arista Networks,DCS-7280CR2A-30-F,XA.SHA.04.03.MD10.01.001,29,,,JPE19391332,,,,,,Rackable,Fixed,admin,,,12/03/2019 17:33:25-05,Import,,1898,,,,,,,,MD10,
CU Beijing,Network,NetworkStack,Planned,G0000557,Arista Networks,DCS-7280CR2A-30-F,XA.BJS.03.04.L4M2.01.003,29,,,JPE19221978,,,,,,Rackable,Fixed,admin,,,01/28/2020 15:12:22-05,Import,,2121,,,,,,,,L4M2,
CU Beijing,Network,NetworkStack,Planned,G0000558,Arista Networks,DCS-7010T-48-F,XA.BJS.03.04.L4M2.01.007,28,,,JPE18510557,,,,,,Rackable,Fixed,admin,,,01/28/2020 15:12:23-05,Import,,2126,,,,,,,,L4M2,
CU Beijing,Network,NetworkStack,Planned,G0000559,Arista Networks,DCS-7010T-48-F,XA.BJS.03.04.L4M2.01.003,25,,,JPE18510953,,,,,,Rackable,Fixed,admin,,,01/28/2020 15:12:25-05,Import,,2127,,,,,,,,L4M2,
CU Beijing,Network,NetworkStack,Planned,G0000560,Arista Networks,DCS-7010T-48-F,XA.BJS.03.04.L4M2.01.003,19,,,JPE18510893,,,,,,Rackable,Fixed,admin,,,01/28/2020 15:12:27-05,Import,,2130,,,,,,,,L4M2,
CU Beijing,Network,NetworkStack,Planned,G0000561,Arista Networks,DCS-7010T-48-F,XA.BJS.03.04.L4M2.01.005,28,,,JPE18510346,,,,,,Rackable,Fixed,admin,,,01/28/2020 15:12:28-05,Import,,2132,,,,,,,,L4M2,
CM Beijing,Network,NetworkStack,Planned,G0000562,Arista Networks,DCS-7280CR2A-30-F,XA.BJS.02.02.2009.01.002,29,,,JPE19061090,,,,,,Rackable,Fixed,admin,,,01/28/2020 15:12:30-05,Import,,2257,,,,,,,,2009,
CU Beijing,Network,NetworkStack,Planned,G0000563,Arista Networks,DCS-7010T-48-F,XA.BJS.03.04.L4M2.01.004,25,,,JPE18511270,,,,,,Rackable,Fixed,admin,,,01/28/2020 15:12:32-05,Import,,2129,,,,,,,,L4M2,
CU Beijing,Network,NetworkStack,Planned,G0000564,Arista Networks,DCS-7010T-48-F,XA.BJS.03.04.L4M2.01.004,36,,,JPE18511284,,,,,,Rackable,Fixed,admin,,,01/28/2020 15:12:33-05,Import,,2128,,,,,,,,L4M2,
CU Beijing,Network,NetworkStack,Planned,G0000565,Arista Networks,DCS-7010T-48-F,XA.BJS.03.04.L4M2.01.006,28,,,JPE18510922,,,,,,Rackable,Fixed,admin,,,01/28/2020 15:12:35-05,Import,,2131,,,,,,,,L4M2,
CM Beijing,Network,NetworkStack,Planned,G0000566,Arista Networks,DCS-7010T-48-F,XA.BJS.02.02.2009.01.002,36,,,JPE18511335,,,,,,Rackable,Fixed,admin,,,01/28/2020 15:12:37-05,Import,,2266,,,,,,,,2009,
CM Beijing,Network,NetworkStack,Planned,G0000567,Arista Networks,DCS-7010T-48-F,XA.BJS.02.02.2009.01.001,25,,,JPE18510399,,,,,,Rackable,Fixed,admin,,,01/28/2020 15:12:39-05,Import,,2251,,,,,,,,2009,
DR Peng Shanghai,Network,NetworkStack,Planned,G0000568,Arista Networks,DCS-7280SR-48C6-F,XA.SHA.04.03.MD10.01.001,21,,,JPE19352726,,,,,,Rackable,Fixed,admin,,,12/03/2019 17:33:27-05,Import,,1897,,,,,,,,MD10,
DR Peng Shanghai,Network,NetworkStack,Planned,G0000570,Arista Networks,DCS-7280SR-48C6-F,XA.SHA.04.03.MD10.01.001,27,,,JPE19392233,,,,,,Rackable,Fixed,admin,,,12/03/2019 17:33:28-05,Import,,1899,,,,,,,,MD10,
CU Beijing,Network,NetworkStack,Planned,G0000571,Arista Networks,DCS-7280SR-48C6-F,XA.BJS.03.04.L4M2.01.004,27,,,JPE19392259,,,,,,Rackable,Fixed,admin,,,01/28/2020 15:12:42-05,Import,,2133,,,,,,,,L4M2,
CU Beijing,Network,NetworkStack,Planned,G0000572,Arista Networks,DCS-7280SR-48C6-F,XA.BJS.03.04.L4M2.01.003,21,,,SGD19351797,,,,,,Rackable,Fixed,admin,,,01/28/2020 15:12:43-05,Import,,2134,,,,,,,,L4M2,
CM Beijing,Network,NetworkStack,Planned,G0000573,Arista Networks,DCS-7060SX2-48YC6-R,XA.BJS.02.02.2009.01.004,26,,,JPE19352953,,,,,,Rackable,Fixed,admin,,,01/29/2020 14:22:44-05,Import,,2263,,,,,,,,2009,
CU Beijing,Network,NetworkStack,Planned,G0000574,Arista Networks,DCS-7060SX2-48YC6-R,XA.BJS.03.04.L4M2.01.006,26,,,JPE19342836,,,,,,Rackable,Fixed,admin,,,01/29/2020 14:22:50-05,Import,,2104,,,,,,,,L4M2,
DR Peng Shanghai,Network,NetworkStack,Planned,G0000575,Arista Networks,DCS-7280SR-48C6-F,XA.SHA.04.03.MD10.01.002,27,,,SGD19351858,,,,,,Rackable,Fixed,admin,,,12/03/2019 17:33:29-05,Import,,1893,,,,,,,,MD10,
CU Beijing,Network,NetworkStack,Planned,G0000576,Arista Networks,DCS-7280SR-48C6-F,XA.BJS.03.04.L4M2.01.003,27,,,JPE19392228,,,,,,Rackable,Fixed,admin,,,01/28/2020 15:12:48-05,Import,,2120,,,,,,,,L4M2,
CM Beijing,Network,NetworkStack,Planned,G0000577,Arista Networks,DCS-7060SX2-48YC6-R,XA.BJS.02.02.2009.01.005,26,,,JPE19342825,,,,,,Rackable,Fixed,admin,,,01/29/2020 14:22:46-05,Import,,2264,,,,,,,,2009,
CU Beijing,Network,NetworkStack,Planned,G0000578,Arista Networks,DCS-7060SX2-48YC6-R,XA.BJS.03.04.L4M2.01.007,26,,,JPE19342834,,,,,,Rackable,Fixed,admin,,,01/29/2020 14:22:52-05,Import,,2103,,,,,,,,L4M2,
DR Peng Shanghai,Network,NetworkStack,Planned,G0000579,Arista Networks,DCS-7060SX2-48YC6-R,XA.SHA.04.03.MD10.01.003,26,,,JPE19342924,,,,,,Rackable,Fixed,admin,,,01/29/2020 14:23:32-05,Import,,1906,,,,,,,,MD10,
CU Beijing,Network,NetworkStack,Planned,G0000580,Arista Networks,DCS-7060SX2-48YC6-R,XA.BJS.03.04.L4M2.01.009,26,,,JPE19353025,,,,,,Rackable,Fixed,admin,,,01/29/2020 14:22:55-05,Import,,2123,,,,,,,,L4M2,
CT Chengdu,Network,NetworkStack,Planned,G0000581,Arista Networks,DCS-7060SX2-48YC6-R,XA.CTU.01.01.X1N1.01.003,26,,,JPE19343810,,,,,,Rackable,Fixed,lu_d_zhang,,,12/21/2020 21:34:37-05,Import,,27473,,,,,,,,X1N1,
CT Chengdu,Network,NetworkStack,Planned,G0000582,Arista Networks,DCS-7060SX2-48YC6-R,XA.CTU.01.01.X1N1.01.006,26,,,JPE19342920,,,,,,Rackable,Fixed,lu_d_zhang,,,12/21/2020 21:37:26-05,Import,,27466,,,,,,,,X1N1,
CU Beijing,Network,NetworkStack,Planned,G0000584,Arista Networks,DCS-7010T-48-F,XA.BJS.03.04.L4M2.01.009,28,,,JPE18510524,,,,,,Rackable,Fixed,admin,,,01/28/2020 15:12:56-05,Import,,2141,,,,,,,,L4M2,
DR Peng Shanghai,Network,NetworkStack,Planned,G0000585,Arista Networks,DCS-7010T-48-F,XA.SHA.04.03.MD10.01.002,25,,,JPE18510940,,,,,,Rackable,Fixed,admin,,,12/03/2019 17:33:31-05,Import,,1888,,,,,,,,MD10,
CU Beijing,Network,NetworkStack,Planned,G0000589,Fortinet,FortiGate 100EF,XA.BJS.03.04.L4M2.01.001,13,,,FG1HEFTK18001620,,,,,,Rackable,Fixed,admin,,,01/28/2020 15:13:03-05,Import,,2118,,,,,,,,L4M2,
DR Peng Shanghai,Network,NetworkStack,Planned,G0000591,Opengear,IM7248-2-DAC_IW,XA.SHA.04.03.MD10.01.001,23,,,7.25E+13,,,,,,Rackable,Fixed,admin,,,12/03/2019 17:58:01-05,Import,,1889,,,,,,,,MD10,
DR Peng Shanghai,Network,NetworkStack,Planned,G0000592,Arista Networks,DCS-7010T-48-F,XA.SHA.04.03.MD10.01.002,36,,,JPE18510363,,,,,,Rackable,Fixed,admin,,,12/03/2019 17:33:32-05,Import,,1891,,,,,,,,MD10,
DR Peng Shanghai,Network,NetworkStack,Planned,G0000594,Arista Networks,DCS-7010T-48-F,XA.SHA.04.03.MD10.01.001,19,,,JPE18510341,,,,,,Rackable,Fixed,admin,,,12/03/2019 17:33:33-05,Import,,1892,,,,,,,,MD10,
CU Beijing,Network,NetworkStack,Planned,G0000595,Arista Networks,DCS-7010T-48-F,XA.BJS.03.04.L4M2.01.008,28,,,JPE18510374,,,,,,Rackable,Fixed,admin,,,01/28/2020 15:13:09-05,Import,,2119,,,,,,,,L4M2,
CU Guangzhou,Network,NetworkStack,Planned,G0000597,Fortinet,FortiGate 100EF,XA.CAN.03.03.3008.01.001,13,,,FG1HEFTK18001613,,,,,,Rackable,Fixed,admin,,,01/28/2020 15:13:11-05,Import,,1915,,,,,,,,3008,
DR Peng Guangzhou,Network,NetworkStack,Planned,G0000598,Opengear,IM7248-2-DAC_IW,XA.BJS.03.04.L4M2.01.003,23,,,7.25E+13,,,,,,Rackable,Fixed,admin,,,01/28/2020 15:40:19-05,Import,,2113,,,,,,,,L4M2,
CM Guangzhou,Network,NetworkStack,Installed,G0000601,Arista Networks,DCS-7280CR2A-30-F,XA.CAN.02.05.0504.01.001,29,,,JPE19061106,,,,,,Rackable,Fixed,pei_ye,,,03/23/2020 05:14:29-04,Import,,2503,,,,,,,,504,
DR Peng Beijing,Network,NetworkStack,Planned,G0000603,Opengear,IM7248-2-DAC_IW,XA.BJS.04.01.MD09.01.001,10,,,7.25E+13,,,,,,Rackable,Fixed,admin,,,01/28/2020 15:40:24-05,Import,,28065,,,,,,,,MD09,
CU Guangzhou,Network,NetworkStack,Planned,G0000604,Opengear,IM7248-2-DAC_IW,XA.CAN.03.03.3008.01.001,10,,,7.25E+13,,,,,,Rackable,Fixed,admin,,,01/28/2020 15:40:27-05,Import,,1944,,,,,,,,3008,
CU Beijing,Network,NetworkStack,Planned,G0000605,Opengear,IM7248-2-DAC_IW,XA.BJS.03.04.L4M2.01.001,10,,,7.25E+13,,,,,,Rackable,Fixed,admin,,,01/28/2020 15:40:30-05,Import,,2108,,,,,,,,L4M2,
DR Peng Shanghai,Network,NetworkStack,Planned,G0000607,Opengear,IM7248-2-DAC_IW,XA.SHA.04.03.MD10.01.001,10,,,7.25E+13,,,,,,Rackable,Fixed,admin,,,12/03/2019 17:58:02-05,Import,,1895,,,,,,,,MD10,
DR Peng Shanghai,Network,NetworkStack,Planned,G0000608,Arista Networks,DCS-7010T-48-F,XA.SHA.04.03.MD10.01.001,25,,,JPE18510420,,,,,,Rackable,Fixed,admin,,,12/03/2019 17:33:35-05,Import,,1894,,,,,,,,MD10,
DR Peng Shanghai,Network,NetworkStack,Planned,G0000610,Arista Networks,DCS-7010T-48-F,XA.SHA.04.03.MD10.01.003,28,,,JPE18510943,,,,,,Rackable,Fixed,admin,,,12/03/2019 17:33:36-05,Import,,1890,,,,,,,,MD10,
DR Peng Shanghai,Network,Chassis,Planned,G0000615,Cisco Systems,ASR1004,XA.SHA.04.03.MD10.01.001,36,,,FXS2309Q06Z,,,,,,Rackable,Chassis,admin,,,12/04/2019 09:38:54-05,Import,,1712,,,,,,,,MD10,
CT Guangzhou,Network,NetworkStack,Planned,G0000617,NOKIA,7750 SR-1s,XA.CAN.01.07.0002.01.002,4,,,SNS2001F5060,,,,,,Rackable,Fixed,lu_d_zhang,,,05/06/2021 23:00:50-04,Import,,27854,,,,,,,,2,
DR Peng Beijing,Network,NetworkStack,Planned,G0000619,Opengear,IM7248-2-DAC_IW,XA.BJS.04.01.MD09.01.001,23,,,7.25E+13,,,,,,Rackable,Fixed,admin,,,01/28/2020 15:40:33-05,Import,,28071,,,,,,,,MD09,
CT Wuhan,Network,NetworkStack,Planned,G0000630,Arista Networks,DCS-7280CR2A-30-F,XA.WUH.01.02.0204.01.001,15,,,JPE20424702,,,,,,Rackable,Fixed,pei_ye,,,01/30/2021 06:43:03-05,Import,,27439,,,,,,,,204,
CT Wuhan,Network,NetworkStack,Planned,G0000631,Arista Networks,DCS-7010T-48-F,XA.WUH.01.02.0204.01.004,28,,,JPE20404881,,,,,,Rackable,Fixed,pei_ye,,,02/01/2021 03:40:30-05,Import,,27447,,,,,,,,204,
CT Shanghai,Network,NetworkStack,Planned,G0000634,Arista Networks,DCS-7060SX2-48YC6-R,XA.SHA.01.02.B222.01.006,26,,,JPE19391778,,,,,,Rackable,Fixed,lu_d_zhang,,,01/04/2021 03:49:54-05,Import,,27515,,,,,,,,B222,
CT Shanghai,Network,NetworkStack,Planned,G0000637,Arista Networks,DCS-7280CR2A-30-F,XA.SHA.01.02.B222.01.001,15,,,JPE20400253,,,,,,Rackable,Fixed,lu_d_zhang,,,01/04/2021 03:41:23-05,Import,,27528,,,,,,,,B222,
DR Peng Shanghai,Network,NetworkStack,Planned,G0000638,Fortinet,FortiGate 100EF,XA.SHA.04.03.MD10.01.001,13,,,FG1HEFTK18001194,,,,,,Rackable,Fixed,admin,,,12/03/2019 17:33:37-05,Import,,1907,,,,,,,,MD10,
CT Guangzhou,Network,NetworkStack,Planned,G0000654,Arista Networks,DCS-7280CR2A-30-F,XA.CAN.01.07.0002.01.001,15,,,JPE20413090,,,,,,Rackable,Fixed,lu_d_zhang,,,05/06/2021 22:58:30-04,Import,,27846,,,,,,,,2,
CT Wuhan,Network,NetworkStack,Planned,G0000660,Arista Networks,DCS-7060SX2-48YC6-R,XA.WUH.01.02.0204.01.004,26,,,JPE20360916,,,,,,Rackable,Fixed,pei_ye,,,02/01/2021 03:40:58-05,Import,,27448,,,,,,,,204,
GDS,Network,NetworkStack,Planned,G0000775,Arista Networks,DCS-7010T-48-F,XA.CTU.04.03.0301.01.001,19,,,JPE19412675,,,,,,Rackable,Fixed,lu_d_zhang,,,04/17/2020 04:29:47-04,Import,,28099,,,,,,,,301,
CU Guangzhou,Network,NetworkStack,Planned,G0000867,Arista Networks,DCS-7010T-48-F,XA.CAN.03.03.3008.01.003,28,,,JPE18521923,,,,,,Rackable,Fixed,admin,,,01/28/2020 15:14:57-05,Import,,1934,,,,,,,,3008,
CU Guangzhou,Network,NetworkStack,Planned,G0000868,Arista Networks,DCS-7010T-48-F,XA.CAN.03.03.3008.01.001,25,,,JPE19412650,,,,,,Rackable,Fixed,admin,,,01/28/2020 15:14:58-05,Import,,1912,,,,,,,,3008,
CU Guangzhou,Network,NetworkStack,Planned,G0000871,Arista Networks,DCS-7010T-48-F,XA.CAN.03.03.3008.01.004,28,,,JPE19412653,,,,,,Rackable,Fixed,admin,,,01/28/2020 15:15:00-05,Import,,1913,,,,,,,,3008,
CU Guangzhou,Network,NetworkStack,Planned,G0000873,Arista Networks,DCS-7010T-48-F,XA.CAN.03.03.3008.01.001,19,,,JPE19412774,,,,,,Rackable,Fixed,admin,,,01/28/2020 15:15:03-05,Import,,1908,,,,,,,,3008,
CM Guangzhou,Network,NetworkStack,Installed,G0000876,Arista Networks,DCS-7010T-48-F,XA.CAN.02.05.0504.01.004,28,,,JPE19412822,,,,,,Rackable,Fixed,pei_ye,,,03/23/2020 05:18:55-04,Import,,2511,,,,,,,,504,
DR Peng Guangzhou,Network,NetworkStack,Planned,G0000879,Arista Networks,DCS-7010T-48-F,XA.CAN.04.01.MD02.01.003,28,,,JPE19412538,,,,,,Rackable,Fixed,pei_ye,,,04/13/2020 03:52:30-04,Import,,28090,,,,,,,,MD02,
DR Peng Guangzhou,Network,NetworkStack,Planned,G0000881,Arista Networks,DCS-7010T-48-F,XA.CAN.04.01.MD02.01.002,36,,,JPE19412759,,,,,,Rackable,Fixed,pei_ye,,,04/13/2020 03:52:27-04,Import,,28091,,,,,,,,MD02,
GDS,Network,NetworkStack,Planned,G0000882,Arista Networks,DCS-7010T-48-F,XA.CTU.04.03.0301.01.002,25,,,JPE19412623,,,,,,Rackable,Fixed,lu_d_zhang,,,04/17/2020 04:29:55-04,Import,,28104,,,,,,,,301,
GDS,Network,NetworkStack,Planned,G0000883,Arista Networks,DCS-7010T-48-F,XA.CTU.04.03.0301.01.001,25,,,JPE19412965,,,,,,Rackable,Fixed,lu_d_zhang,,,04/17/2020 04:29:42-04,Import,,28103,,,,,,,,301,
CU Guangzhou,Network,NetworkStack,Planned,G0000886,Arista Networks,DCS-7010T-48-F,XA.CAN.03.03.3008.01.002,36,,,JPE19412648,,,,,,Rackable,Fixed,admin,,,01/28/2020 15:15:09-05,Import,,1941,,,,,,,,3008,
CM Guangzhou,Network,NetworkStack,Installed,G0000888,Arista Networks,DCS-7010T-48-F,XA.CAN.02.05.0504.01.001,19,,,JPE19412700,,,,,,Rackable,Fixed,pei_ye,,,03/23/2020 05:15:49-04,Import,,2508,,,,,,,,504,
DR Peng Beijing,Network,NetworkStack,Planned,G0000891,PaloAlto Networks,PA-5220,XA.BJS.04.01.MD09.01.002,11,,,13201017659,,,,,,Rackable,Fixed,admin,,,01/28/2020 15:15:15-05,Import,,28067,,,,,,,,MD09,
DR Peng Beijing,Network,NetworkStack,Planned,G0000892,Arista Networks,DCS-7280SR-48C6-F,XA.BJS.04.01.MD09.01.001,27,,,JPE19392277,,,,,,Rackable,Fixed,admin,,,01/28/2020 15:15:16-05,Import,,28064,,,,,,,,MD09,
GDS,Network,NetworkStack,Planned,G0000893,Arista Networks,DCS-7010T-48-F,XA.CTU.04.03.0301.01.002,36,,,JPE19412553,,,,,,Rackable,Fixed,lu_d_zhang,,,04/17/2020 04:31:45-04,Import,,28106,,,,,,,,301,
GDS,Network,NetworkStack,Planned,G0000894,Arista Networks,DCS-7010T-48-F,XA.CTU.04.03.0301.01.003,28,,,JPE18522079,,,,,,Rackable,Fixed,lu_d_zhang,,,04/17/2020 04:31:48-04,Import,,28107,,,,,,,,301,
CU Guangzhou,Network,NetworkStack,Planned,G0000895,Arista Networks,DCS-7010T-48-F,XA.CAN.03.03.3008.01.002,25,,,JPE19412762,,,,,,Rackable,Fixed,admin,,,01/28/2020 15:15:18-05,Import,,1911,,,,,,,,3008,
DR Peng Beijing,Network,NetworkStack,Planned,G0000896,Arista Networks,DCS-7010T-48-F,XA.BJS.04.01.MD09.01.001,25,,,JPE19412825,,,,,,Rackable,Fixed,admin,,,01/28/2020 15:15:19-05,Import,,28063,,,,,,,,MD09,
CM Beijing,Network,NetworkStack,Planned,G0000897,Arista Networks,DCS-7010T-48-F,XA.BJS.02.02.2009.01.004,28,,,JPE19414487,,,,,,Rackable,Fixed,admin,,,01/28/2020 15:15:21-05,Import,,2278,,,,,,,,2009,
CM Beijing,Network,NetworkStack,Planned,G0000898,Arista Networks,DCS-7010T-48-F,XA.BJS.02.02.2009.01.001,19,,,JPE18521869,,,,,,Rackable,Fixed,admin,,,01/28/2020 15:15:22-05,Import,,2248,,,,,,,,2009,
DR Peng Beijing,Network,NetworkStack,Planned,G0000899,Arista Networks,DCS-7010T-48-F,XA.BJS.04.01.MD09.01.002,25,,,JPE19412699,,,,,,Rackable,Fixed,admin,,,01/28/2020 15:15:24-05,Import,,28070,,,,,,,,MD09,
DR Peng Beijing,Network,NetworkStack,Planned,G0000900,Arista Networks,DCS-7010T-48-F,XA.BJS.04.01.MD09.01.002,36,,,JPE19412680,,,,,,Rackable,Fixed,admin,,,01/28/2020 15:15:25-05,Import,,28072,,,,,,,,MD09,
DR Peng Beijing,Network,NetworkStack,Planned,G0000901,Arista Networks,DCS-7010T-48-F,XA.BJS.04.01.MD09.01.003,28,,,JPE19412805,,,,,,Rackable,Fixed,admin,,,01/28/2020 15:15:27-05,Import,,28068,,,,,,,,MD09,
CU Guangzhou,Network,NetworkStack,Planned,G0000902,Arista Networks,DCS-7280SR-48C6-F,XA.CAN.03.03.3008.01.002,27,,,JPE19392271,,,,,,Rackable,Fixed,admin,,,01/28/2020 15:15:28-05,Import,,1910,,,,,,,,3008,
CM Beijing,Network,NetworkStack,Planned,G0000903,Fortinet,FortiGate 100EF,XA.BJS.02.02.2009.01.001,13,,,FG1HEFTK19000018,,,,,,Rackable,Fixed,admin,,,01/28/2020 15:15:29-05,Import,,2253,,,,,,,,2009,
CU Guangzhou,Network,NetworkStack,Planned,G0000904,Arista Networks,DCS-7280CR2A-30-F,XA.CAN.03.03.3008.01.001,29,,,JPE19222186,,,,,,Rackable,Fixed,admin,,,01/28/2020 15:15:30-05,Import,,1942,,,,,,,,3008,
CU Wuhan,Network,NetworkStack,Planned,G0000905,Arista Networks,DCS-7060SX2-48YC6-R,XA.WUH.03.04.0404.01.004,26,,,JPE19352919,,,,,,Rackable,Fixed,lu_d_zhang,,,10/09/2020 22:33:20-04,Import,,4520,,,,,,,,404,
CM Beijing,Network,NetworkStack,Planned,G0000906,Arista Networks,DCS-7010T-48-F,XA.BJS.02.02.2009.01.003,28,,,JPE19412821,,,,,,Rackable,Fixed,admin,,,01/28/2020 15:15:32-05,Import,,2280,,,,,,,,2009,
CU Guangzhou,Network,NetworkStack,Planned,G0000907,Arista Networks,DCS-7280SR-48C6-F,XA.CAN.03.03.3008.01.001,21,,,JPE19392295,,,,,,Rackable,Fixed,admin,,,01/28/2020 15:15:33-05,Import,,1939,,,,,,,,3008,
CM Beijing,Network,NetworkStack,Planned,G0000908,Arista Networks,DCS-7280SR-48C6-F,XA.BJS.02.02.2009.01.001,27,,,JPE19392244,,,,,,Rackable,Fixed,admin,,,01/28/2020 15:15:34-05,Import,,2241,,,,,,,,2009,
CU Guangzhou,Network,NetworkStack,Planned,G0000909,Arista Networks,DCS-7280SR-48C6-F,XA.CAN.03.03.3008.01.001,27,,,JPE19392246,,,,,,Rackable,Fixed,admin,,,01/28/2020 15:15:36-05,Import,,1909,,,,,,,,3008,
GDS,Network,NetworkStack,Planned,G0000913,Opengear,IM7248-2-DAC-US,XA.CTU.04.03.0301.01.001,10,,,7.25E+13,,,,,,Rackable,Fixed,lu_d_zhang,,,04/17/2020 04:29:50-04,Import,,27605,,,,,,,,301,
CM Guangzhou,Network,NetworkStack,Installed,G0000914,Opengear,IM7248-2-DAC-US,XA.CAN.02.05.0504.01.001,23,,,7.25E+13,,,,,,Rackable,Fixed,pei_ye,,,03/23/2020 05:29:29-04,Import,,2514,,,,,,,,504,
DR Peng Beijing,Network,NetworkStack,Planned,G0000915,Arista Networks,DCS-7280SR-48C6-F,XA.BJS.04.01.MD09.01.002,27,,,JPE19392238,,,,,,Rackable,Fixed,admin,,,01/28/2020 15:15:37-05,Import,,28048,,,,,,,,MD09,
DR Peng Beijing,Network,NetworkStack,Planned,G0000916,Arista Networks,DCS-7280SR-48C6-F,XA.BJS.04.01.MD09.01.001,21,,,JPE19392264,,,,,,Rackable,Fixed,admin,,,01/28/2020 15:15:39-05,Import,,28069,,,,,,,,MD09,
CM Guangzhou,Network,NetworkStack,Installed,G0000917,Opengear,IM7248-2-DAC-US,XA.CAN.02.05.0504.01.001,10,,,7.25E+13,,,,,,Rackable,Fixed,pei_ye,,,03/23/2020 05:29:58-04,Import,,2513,,,,,,,,504,
CM Wuhan,Network,NetworkStack,Planned,G0000918,Opengear,IM7248-2-DAC_IW,XA.WUH.02.02.0205.01.001,10,,,7.25E+13,,,,,,Rackable,Fixed,lu_d_zhang,,,11/25/2020 04:33:13-05,Import,,27111,,,,,,,,205,
GDS,Network,NetworkStack,Planned,G0000919,Opengear,IM7248-2-DAC-US,XA.CTU.04.03.0301.01.001,23,,,7.25E+13,,,,,,Rackable,Fixed,lu_d_zhang,,,04/17/2020 04:29:44-04,Import,,28102,,,,,,,,301,
CT Chengdu,Network,NetworkStack,Planned,G0000920,Opengear,IM7248-2-DAC_IW,XA.CTU.01.01.X1N1.01.001,23,,,7.25E+13,,,,,,Rackable,Fixed,lu_d_zhang,,,12/21/2020 21:02:23-05,Import,,27487,,,,,,,,X1N1,
CM Guangzhou,Network,NetworkStack,Installed,G0000921,Fortinet,FortiGate 100EF,XA.CAN.02.05.0504.01.001,13,,,FG1HEFTK19000181,,,,,,Rackable,Fixed,pei_ye,,,03/23/2020 05:29:35-04,Import,,2516,,,,,,,,504,
DR Peng Beijing,Network,NetworkStack,Planned,G0000922,Fortinet,FortiGate 100EF,XA.BJS.04.01.MD09.01.001,13,,,FG1HEFTK19000014,,,,,,Rackable,Fixed,admin,,,01/28/2020 15:15:40-05,Import,,28062,,,,,,,,MD09,
DR Peng Guangzhou,Network,NetworkStack,Planned,G0000923,Opengear,IM7248-2-DAC-US,XA.CAN.04.01.MD02.01.001,10,,,7.25E+13,,,,,,Rackable,Fixed,pei_ye,,,04/13/2020 03:46:54-04,Import,,27302,,,,,,,,MD02,
CU Guangzhou,Network,NetworkStack,Planned,G0000924,Opengear,IM7248-2-DAC-US,XA.CAN.03.03.3008.01.001,23,,,7.25E+13,,,,,,Rackable,Fixed,allen_lin4,,,03/05/2020 20:56:24-05,Client,,1945,,,,,,,,3008,
CM Beijing,Network,NetworkStack,Planned,G0000925,Arista Networks,DCS-7280SR-48C6-F,XA.BJS.02.02.2009.01.002,27,,,JPE19392245,,,,,,Rackable,Fixed,admin,,,01/28/2020 15:15:41-05,Import,,2256,,,,,,,,2009,
CM Beijing,Network,NetworkStack,Planned,G0000926,Arista Networks,DCS-7280SR-48C6-F,XA.BJS.02.02.2009.01.001,21,,,SGD19351769,,,,,,Rackable,Fixed,admin,,,01/28/2020 15:15:43-05,Import,,2261,,,,,,,,2009,
CU Beijing,Network,NetworkStack,Planned,G0000927,Arista Networks,DCS-7060SX2-48YC6-F,XA.BJS.03.04.L4M2.01.010,26,,,JPE19352933,,,,,,Rackable,Fixed,lu_d_zhang,,,06/10/2020 08:14:32-04,Client,,2115,,,,,,,,L4M2,
DR Peng Beijing,Network,NetworkStack,Planned,G0000928,Arista Networks,DCS-7060SX2-48YC6-R,XA.BJS.04.01.MD09.01.003,26,,,JPE19353011,,,,,,Rackable,Fixed,admin,,,01/29/2020 14:22:57-05,Import,,28051,,,,,,,,MD09,
CU Beijing,Network,NetworkStack,Planned,G0000930,NOKIA,7750 SR-1s,XA.BJS.03.04.L4M2.01.001,4,,,NS1942F0109,,,,,,Rackable,Fixed,admin,,,01/28/2020 15:15:46-05,Import,,2173,,,,,,,,L4M2,
CT Chengdu,Network,NetworkStack,Planned,G0000931,Arista Networks,DCS-7060SX2-48YC6-R,XA.CTU.01.01.X1N1.01.004,26,,,JPE19352935,,,,,,Rackable,Fixed,lu_d_zhang,,,12/21/2020 21:35:34-05,Import,,27472,,,,,,,,X1N1,
CT Chengdu,Network,NetworkStack,Planned,G0000932,NOKIA,7750 SR-1s,XA.CTU.01.01.X1N1.01.001,4,,,NS1951F6652,,,,,,Rackable,Fixed,lu_d_zhang,,,12/21/2020 21:05:11-05,Import,,27480,,,,,,,,X1N1,
CU Beijing,Network,NetworkStack,Planned,G0000933,NOKIA,7750 SR-1s,XA.BJS.03.04.L4M2.01.002,4,,,NS1930F0059,,,,,,Rackable,Fixed,admin,,,01/28/2020 15:15:47-05,Import,,2175,,,,,,,,L4M2,
CT Wuhan,Network,NetworkStack,Planned,G0000936,NOKIA,7750 SR-1s,XA.WUH.01.02.0204.01.002,4,,,NS1949F5217,,,,,,Rackable,Fixed,pei_ye,,,01/28/2021 00:31:43-05,Import,,27346,,,,,,,,204,
DR Peng Guangzhou,Network,NetworkStack,Planned,G0000937,Opengear,IM7248-2-DAC-US,XA.CAN.04.01.MD02.01.001,23,,,7.25E+13,,,,,,Rackable,Fixed,pei_ye,,,04/13/2020 03:46:48-04,Import,,28085,,,,,,,,MD02,
CU Guangzhou,Network,NetworkStack,Planned,G0000939,Arista Networks,DCS-7060SX2-48YC6-R,XA.CAN.03.03.3008.01.004,26,,,JPE19353077,,,,,,Rackable,Fixed,admin,,,01/29/2020 14:23:00-05,Import,,1916,,,,,,,,3008,
CU Wuhan,Network,NetworkStack,Planned,G0000940,NOKIA,7750 SR-1s,XA.WUH.03.04.0404.01.001,4,,,NS1952F5373,,,,,,Rackable,Fixed,lu_d_zhang,,,10/09/2020 22:32:42-04,Import,,4509,,,,,,,,404,
CU Wuhan,Network,NetworkStack,Planned,G0000941,NOKIA,7750 SR-1s,XA.WUH.03.04.0404.01.002,4,,,NS2001F5191,,,,,,Rackable,Fixed,lu_d_zhang,,,10/09/2020 22:33:08-04,Import,,4516,,,,,,,,404,
CT Guangzhou,Network,NetworkStack,Planned,G0000942,NOKIA,7750 SR-1s,XA.CAN.01.07.0002.01.001,4,,,SNS1952F5538,,,,,,Rackable,Fixed,lu_d_zhang,,,05/06/2021 22:59:21-04,Import,,27849,,,,,,,,2,
DR Peng Beijing,Network,NetworkStack,Planned,G0000944,NOKIA,7750 SR-1s,XA.BJS.04.01.MD09.01.001,4,,,NS1943F0203,,,,,,Rackable,Fixed,admin,,,01/28/2020 15:15:50-05,Import,,28057,,,,,,,,MD09,
CM Beijing,Network,NetworkStack,Planned,G0000945,Arista Networks,DCS-7010T-48-F,XA.BJS.02.02.2009.01.005,28,,,JPE18462757,,,,,,Rackable,Fixed,admin,,,01/28/2020 15:15:52-05,Import,,2281,,,,,,,,2009,
CM Beijing,Network,NetworkStack,Planned,G0000946,Opengear,IM7248-2-DAC_IW,XA.BJS.02.02.2009.01.001,10,,,7.25E+13,,,,,,Rackable,Fixed,admin,,,01/28/2020 15:40:45-05,Import,,2260,,,,,,,,2009,
GDS,Network,NetworkStack,Planned,G0000951,NOKIA,7750 SR-1s,XA.CTU.04.03.0301.01.001,4,,,NS1947F5779,,,,,,Rackable,Fixed,lu_d_zhang,,,04/17/2020 04:29:51-04,Import,,27607,,,,,,,,301,
CM Guangzhou,Network,NetworkStack,Installed,G0000952,NOKIA,7750 SR-1s,XA.CAN.02.05.0504.01.001,4,,,NS1945F0190,,,,,,Rackable,Fixed,pei_ye,,,03/23/2020 04:49:51-04,Import,,2504,,,,,,,,504,
CM Wuhan,Network,NetworkStack,Planned,G0000953,Arista Networks,DCS-7060SX2-48YC6-R,XA.WUH.02.02.0205.01.004,26,,,JPE19352949,,,,,,Rackable,Fixed,lu_d_zhang,,,11/25/2020 04:48:40-05,Import,,27123,,,,,,,,205,
DR Peng Guangzhou,Network,NetworkStack,Planned,G0000954,NOKIA,7750 SR-1s,XA.CAN.04.01.MD02.01.001,4,,,NS1947F5956,,,,,,Rackable,Fixed,pei_ye,,,04/13/2020 03:46:55-04,Import,,27303,,,,,,,,MD02,
CU Beijing,Network,NetworkStack,Planned,G0000956,Arista Networks,DCS-7060SX2-48YC6-R,XA.BJS.03.04.L4M2.01.005,26,,,JPE19353066,,,,,,Rackable,Fixed,admin,,,01/29/2020 14:22:48-05,Import,,2101,,,,,,,,L4M2,
CU Beijing,Network,NetworkStack,Planned,G0000957,Arista Networks,DCS-7060SX2-48YC6-R,XA.BJS.03.04.L4M2.01.008,26,,,JPE19352982,,,,,,Rackable,Fixed,admin,,,01/29/2020 14:22:53-05,Import,,2099,,,,,,,,L4M2,
CT Wuhan,Network,NetworkStack,Planned,G0000959,NOKIA,7750 SR-1s,XA.WUH.01.02.0204.01.001,4,,,NS2003F5812,,,,,,Rackable,Fixed,pei_ye,,,01/28/2021 00:30:46-05,Import,,27344,,,,,,,,204,
CM Guangzhou,Network,NetworkStack,Installed,G0000960,Arista Networks,DCS-7280CR2A-30-F,XA.CAN.02.05.0504.01.002,29,,,JPE19440702,,,,,,Rackable,Fixed,pei_ye,,,03/23/2020 05:16:34-04,Import,,2510,,,,,,,,504,
DR Peng Guangzhou,Network,NetworkStack,Planned,G0000961,NOKIA,7750 SR-1s,XA.CAN.04.01.MD02.01.002,4,,,NS1947F5460,,,,,,Rackable,Fixed,pei_ye,,,04/13/2020 03:47:03-04,Import,,27304,,,,,,,,MD02,
CM Wuhan,Network,NetworkStack,Planned,G0000962,NOKIA,7750 SR-1s,XA.WUH.02.02.0205.01.001,4,,,NS1952F5642,,,,,,Rackable,Fixed,lu_d_zhang,,,11/25/2020 04:33:18-05,Import,,27112,,,,,,,,205,
GDS,Network,NetworkStack,Planned,G0000963,NOKIA,7750 SR-1s,XA.CTU.04.03.0301.01.002,4,,,NS1941F0365,,,,,,Rackable,Fixed,lu_d_zhang,,,04/17/2020 04:29:58-04,Import,,27606,,,,,,,,301,
CT Shanghai,Network,NetworkStack,Planned,G0000964,NOKIA,7750 SR-1s,XA.SHA.01.02.B222.01.001,4,,,NS1950F6374,,,,,,Rackable,Fixed,lu_d_zhang,,,01/04/2021 03:42:48-05,Import,,27526,,,,,,,,B222,
CT Chengdu,Network,NetworkStack,Planned,G0000965,NOKIA,7750 SR-1s,XA.CTU.01.01.X1N1.01.002,4,,,NS1952F5677,,,,,,Rackable,Fixed,lu_d_zhang,,,12/21/2020 21:08:05-05,Import,,27475,,,,,,,,X1N1,
CT Beijing,Network,NetworkStack,Planned,G0000968,NOKIA,7750 SR-1s,XA.BJS.01.03.0325.01.002,4,,,NS2002F5349,,,,,,Rackable,Fixed,lu_d_zhang,,,01/29/2021 03:21:41-05,Import,,27423,,,,,,,,325,
DR Peng Beijing,Network,NetworkStack,Planned,G0000970,NOKIA,7750 SR-1s,XA.BJS.04.01.MD09.01.002,4,,,NS1943F0281,,,,,,Rackable,Fixed,admin,,,01/28/2020 15:15:59-05,Import,,28061,,,,,,,,MD09,
CM Beijing,Network,NetworkStack,Planned,G0000971,NOKIA,7750 SR-1s,XA.BJS.02.02.2009.01.001,4,,,NS1935F0109,,,,,,Rackable,Fixed,admin,,,01/28/2020 15:16:00-05,Import,,2279,,,,,,,,2009,
DR Peng Shanghai,Network,NetworkStack,Planned,G0000973,Arista Networks,DCS-7280CR2A-30-F,XA.SHA.04.03.MD10.01.001,15,,,JPE19440632,,,,,,Rackable,Fixed,lu_d_zhang,,,07/16/2020 23:43:33-04,Client,,1885,,,,,,,,MD10,
CM Beijing,Network,NetworkStack,Planned,G0000974,Arista Networks,DCS-7010T-48-F,XA.BJS.02.02.2009.01.002,25,,,JPE19412894,,,,,,Rackable,Fixed,admin,,,01/28/2020 15:16:02-05,Import,,2255,,,,,,,,2009,
DR Peng Beijing,Network,NetworkStack,Planned,G0000975,Arista Networks,DCS-7010T-48-F,XA.BJS.04.01.MD09.01.001,19,,,JPE19412813,,,,,,Rackable,Fixed,admin,,,01/28/2020 15:16:03-05,Import,,28066,,,,,,,,MD09,
DR Peng Guangzhou,Network,NetworkStack,Planned,G0000976,Arista Networks,DCS-7280CR2A-30-F,XA.CAN.04.01.MD02.01.001,29,,,JPE19440697,,,,,,Rackable,Fixed,pei_ye,,,04/13/2020 03:46:43-04,Import,,27299,,,,,,,,MD02,
CU Guangzhou,Network,NetworkStack,Planned,G0000978,NOKIA,7750 SR-1s,XA.CAN.03.03.3008.01.001,4,,,NS1942F0269,,,,,,Rackable,Fixed,admin,,,01/28/2020 15:16:05-05,Import,,1940,,,,,,,,3008,
CU Guangzhou,Network,NetworkStack,Planned,G0000979,NOKIA,7750 SR-1s,XA.CAN.03.03.3008.01.002,4,,,NS1935F0009,,,,,,Rackable,Fixed,admin,,,01/28/2020 15:16:06-05,Import,,1938,,,,,,,,3008,
CU Guangzhou,Network,NetworkStack,Planned,G0000980,PaloAlto Networks,PA-5220,XA.CAN.03.03.3008.01.002,11,,,13201017150,,,,,,Rackable,Fixed,admin,,,01/28/2020 15:16:09-05,Import,,1943,,,,,,,,3008,
CU Guangzhou,Network,NetworkStack,Planned,G0000981,Arista Networks,DCS-7060SX2-48YC6-R,XA.CAN.03.03.3008.01.003,26,,,JPE19353030,,,,,,Rackable,Fixed,admin,,,01/29/2020 14:22:59-05,Import,,1917,,,,,,,,3008,
CU Wuhan,Network,NetworkStack,Planned,G0000982,Arista Networks,DCS-7060SX2-48YC6-R,XA.WUH.03.04.0404.01.003,26,,,JPE19352971,,,,,,Rackable,Fixed,lu_d_zhang,,,10/09/2020 22:33:13-04,Import,,4518,,,,,,,,404,
DR Peng Guangzhou,Network,NetworkStack,Planned,G0000983,Arista Networks,DCS-7280CR2A-30-F,XA.CAN.04.01.MD02.01.002,29,,,JPE19440079,,,,,,Rackable,Fixed,pei_ye,,,04/13/2020 03:46:57-04,Import,,27300,,,,,,,,MD02,
GDS,Network,NetworkStack,Planned,G0000984,Arista Networks,DCS-7280CR2A-30-F,XA.CTU.04.03.0301.01.001,29,,,JPE19440637,,,,,,Rackable,Fixed,lu_d_zhang,,,04/17/2020 04:29:39-04,Import,,27602,,,,,,,,301,
CM Guangzhou,Network,NetworkStack,Installed,G0000985,NOKIA,7750 SR-1s,XA.CAN.02.05.0504.01.002,4,,,NS1942F0108,,,,,,Rackable,Fixed,pei_ye,,,03/23/2020 04:50:12-04,Import,,2506,,,,,,,,504,
CM Wuhan,Network,NetworkStack,Planned,G0000986,Arista Networks,DCS-7280SR-48C6-F,XA.WUH.02.02.0205.01.001,27,,,JPE19492044,,,,,,Rackable,Fixed,lu_d_zhang,,,11/25/2020 04:32:29-05,Import,,27104,,,,,,,,205,
CM Beijing,Network,NetworkStack,Planned,G0000987,Arista Networks,DCS-7060SX2-48YC6-R,XA.BJS.02.02.2009.01.003,26,,,JPE18491562,,,,,,Rackable,Fixed,admin,,,01/29/2020 14:22:40-05,Import,,2262,,,,,,,,2009,
CM Wuhan,Network,NetworkStack,Planned,G0000999,Arista Networks,DCS-7280CR2A-30-F,XA.WUH.02.02.0205.01.002,15,,,JPE20413082,,,,,,Rackable,Fixed,lu_d_zhang,,,11/25/2020 04:33:51-05,Import,,27117,,,,,,,,205,
CT Chengdu,Network,NetworkStack,Planned,G0001001,Arista Networks,DCS-7280SR-48C6-F,XA.CTU.01.01.X1N1.01.001,27,,,SGD19492021,,,,,,Rackable,Fixed,lu_d_zhang,,,12/21/2020 21:01:27-05,Import,,27489,,,,,,,,X1N1,
GDS,Network,NetworkStack,Planned,G0001002,Arista Networks,DCS-7280CR2A-30-F,XA.CTU.04.03.0301.01.002,29,,,JPE19221935,,,,,,Rackable,Fixed,lu_d_zhang,,,04/17/2020 04:29:52-04,Import,,27601,,,,,,,,301,
CU Guangzhou,Network,NetworkStack,Planned,G0001003,Arista Networks,DCS-7280CR2A-30-F,XA.CAN.03.03.3008.01.002,29,,,JPE19221975,,,,,,Rackable,Fixed,admin,,,01/28/2020 15:16:13-05,Import,,1914,,,,,,,,3008,
GDS,Network,NetworkStack,Planned,G0001004,Arista Networks,DCS-7060SX2-48YC6-R,XA.CTU.04.03.0301.01.003,26,,,JPE19362164,,,,,,Rackable,Fixed,lu_d_zhang,,,04/17/2020 04:31:49-04,Import,,28108,,,,,,,,301,
CM Wuhan,Network,NetworkStack,Planned,G0001005,Arista Networks,DCS-7060SX2-48YC6-R,XA.WUH.02.02.0205.01.003,26,,,JPE19353010,,,,,,Rackable,Fixed,lu_d_zhang,,,11/25/2020 04:48:26-05,Import,,27121,,,,,,,,205,
CM Guangzhou,Network,NetworkStack,Installed,G0001006,Arista Networks,DCS-7010T-48-F,XA.CAN.02.05.0504.01.002,25,,,JPE18462325,,,,,,Rackable,Fixed,pei_ye,,,03/23/2020 05:17:20-04,Import,,2523,,,,,,,,504,
CT Chengdu,Network,NetworkStack,Planned,G0001008,Opengear,IM7248-2-DAC_IW,XA.CTU.01.01.X1N1.01.001,10,,,7.25E+13,,,,,,Rackable,Fixed,lu_d_zhang,,,12/21/2020 21:04:43-05,Import,,27481,,,,,,,,X1N1,
CT Chengdu,Network,NetworkStack,Planned,G0001021,Arista Networks,DCS-7280CR2A-30-F,XA.CTU.01.01.X1N1.01.001,29,,,JPE20424770,,,,,,Rackable,Fixed,lu_d_zhang,,,12/21/2020 21:00:59-05,Import,,27494,,,,,,,,X1N1,
CT Beijing,Network,NetworkStack,Planned,G0001022,Arista Networks,DCS-7280SR-48C6-F,XA.BJS.01.03.0325.01.001,21,,,JPE20331135,,,,,,Rackable,Fixed,lu_d_zhang,,,01/29/2021 03:15:58-05,Import,,27411,,,,,,,,325,
CT Chengdu,Network,NetworkStack,Planned,G0001025,Arista Networks,DCS-7010T-48-F,XA.CTU.01.01.X1N1.01.003,28,,,JPE19460876,,,,,,Rackable,Fixed,lu_d_zhang,,,12/21/2020 21:34:09-05,Import,,27474,,,,,,,,X1N1,
CT Beijing,Network,NetworkStack,Planned,G0001027,Arista Networks,DCS-7060SX2-48YC6-R,XA.BJS.01.03.0325.01.006,26,,,JPE19383253,,,,,,Rackable,Fixed,lu_d_zhang,,,01/29/2021 03:25:30-05,Import,,27431,,,,,,,,325,
DR Peng Guangzhou,Network,NetworkStack,Planned,G0001030,Arista Networks,DCS-7060SX2-48YC6-R,XA.CAN.04.01.MD02.01.003,26,,,JPE18502279,,,,,,Rackable,Fixed,pei_ye,,,04/13/2020 03:52:31-04,Import,,28088,,,,,,,,MD02,
CM Guangzhou,Network,NetworkStack,Installed,G0001031,Arista Networks,DCS-7010T-48-F,XA.CAN.02.05.0504.01.002,36,,,JPE18462744,,,,,,Rackable,Fixed,pei_ye,,,03/23/2020 05:16:14-04,Import,,2509,,,,,,,,504,
CU Wuhan,Network,NetworkStack,Planned,G0001032,Arista Networks,DCS-7010T-48-F,XA.WUH.03.04.0404.01.002,36,,,JPE19460973,,,,,,Rackable,Fixed,lu_d_zhang,,,10/09/2020 22:32:46-04,Import,,4510,,,,,,,,404,
CM Guangzhou,Network,NetworkStack,Installed,G0001034,Arista Networks,DCS-7010T-48-F,XA.CAN.02.05.0504.01.001,25,,,JPE18462747,,,,,,Rackable,Fixed,pei_ye,,,03/23/2020 05:14:59-04,Import,,2521,,,,,,,,504,
CU Wuhan,Network,NetworkStack,Planned,G0001037,Fortinet,FortiGate 100EF,XA.WUH.03.04.0404.01.001,13,,,FG1HEFTK18001524,,,,,,Rackable,Fixed,lu_d_zhang,,,10/09/2020 22:32:38-04,Import,,4507,,,,,,,,404,
CT Chengdu,Network,NetworkStack,Planned,G0001038,Arista Networks,DCS-7010T-48-F,XA.CTU.01.01.X1N1.01.001,25,,,JPE19460890,,,,,,Rackable,Fixed,lu_d_zhang,,,12/21/2020 21:01:55-05,Import,,27488,,,,,,,,X1N1,
CT Shanghai,Network,NetworkStack,Planned,G0001042,Arista Networks,DCS-7010T-48-F,XA.SHA.01.02.B222.01.006,28,,,JPE19460977,,,,,,Rackable,Fixed,lu_d_zhang,,,01/04/2021 03:49:26-05,Import,,27514,,,,,,,,B222,
CU Wuhan,Network,NetworkStack,Planned,G0001045,Arista Networks,DCS-7010T-48-F,XA.WUH.03.04.0404.01.003,28,,,JPE19460872,,,,,,Rackable,Fixed,lu_d_zhang,,,10/09/2020 22:33:10-04,Import,,4517,,,,,,,,404,
CM Guangzhou,Network,NetworkStack,Installed,G0001051,Arista Networks,DCS-7280SR-48C6-F,XA.CAN.02.05.0504.01.001,27,,,SGD19492017,,,,,,Rackable,Fixed,pei_ye,,,03/23/2020 05:14:35-04,Import,,2520,,,,,,,,504,
CT Shanghai,Network,NetworkStack,Planned,G0001053,Arista Networks,DCS-7010T-48-F,XA.SHA.01.02.B222.01.001,19,,,JPE19460961,,,,,,Rackable,Fixed,lu_d_zhang,,,01/04/2021 03:40:55-05,Import,,27530,,,,,,,,B222,
CM Wuhan,Network,NetworkStack,Planned,G0001055,Opengear,IM7248-2-DAC_IW,XA.WUH.02.02.0205.01.001,23,,,7.25E+13,,,,,,Rackable,Fixed,lu_d_zhang,,,11/25/2020 04:32:41-05,Import,,27106,,,,,,,,205,
CM Guangzhou,Network,NetworkStack,Installed,G0001057,Arista Networks,DCS-7280SR-48C6-F,XA.CAN.02.05.0504.01.002,27,,,SGD19480720,,,,,,Rackable,Fixed,pei_ye,,,03/23/2020 05:16:57-04,Import,,2522,,,,,,,,504,
CT Shanghai,Network,NetworkStack,Planned,G0001060,Arista Networks,DCS-7280CR2A-30-F,XA.SHA.01.02.B222.01.002,29,,,JPE20424693,,,,,,Rackable,Fixed,lu_d_zhang,,,01/04/2021 03:43:44-05,Import,,27523,,,,,,,,B222,
CT Guangzhou,Network,NetworkStack,Planned,G0001064,Arista Networks,DCS-7280SR-48C6-F,XA.CAN.01.07.0002.01.001,27,,,JPE20330896,,,,,,Rackable,Fixed,lu_d_zhang,,,05/06/2021 22:57:38-04,Import,,27843,,,,,,,,2,
CM Wuhan,Network,NetworkStack,Planned,G0001068,Arista Networks,DCS-7010T-48-F,XA.WUH.02.02.0205.01.002,36,,,JPE19460847,,,,,,Rackable,Fixed,lu_d_zhang,,,11/25/2020 04:33:25-05,Import,,27113,,,,,,,,205,
CM Guangzhou,Network,NetworkStack,Installed,G0001070,Arista Networks,DCS-7060SX2-48YC6-R,XA.CAN.02.05.0504.01.003,26,,,JPE18502404,,,,,,Rackable,Fixed,pei_ye,,,03/23/2020 05:18:31-04,Import,,2525,,,,,,,,504,
DR Peng Guangzhou,Network,NetworkStack,Planned,G0001077,Arista Networks,DCS-7280SR-48C6-F,XA.CAN.04.01.MD02.01.001,21,,,SGD19480645,,,,,,Rackable,Fixed,pei_ye,,,04/13/2020 03:46:50-04,Import,,27301,,,,,,,,MD02,
CT Guangzhou,Network,NetworkStack,Planned,G0001079,Arista Networks,DCS-7280SR-48C6-F,XA.CAN.01.07.0002.01.001,21,,,JPE20331141,,,,,,Rackable,Fixed,lu_d_zhang,,,05/06/2021 22:58:13-04,Import,,27845,,,,,,,,2,
GDS,Network,NetworkStack,Planned,G0001080,Arista Networks,DCS-7280SR-48C6-F,XA.CTU.04.03.0301.01.001,21,,,SGD19480708,,,,,,Rackable,Fixed,lu_d_zhang,,,04/17/2020 04:29:45-04,Import,,27603,,,,,,,,301,
CM Guangzhou,Network,NetworkStack,Installed,G0001083,Arista Networks,DCS-7280SR-48C6-F,XA.CAN.02.05.0504.01.001,21,,,SGD19480820,,,,,,Rackable,Fixed,pei_ye,,,03/23/2020 05:15:24-04,Import,,2507,,,,,,,,504,
CM Wuhan,Network,NetworkStack,Planned,G0001084,Arista Networks,DCS-7010T-48-F,XA.WUH.02.02.0205.01.004,28,,,JPE19460814,,,,,,Rackable,Fixed,lu_d_zhang,,,11/25/2020 04:48:33-05,Import,,27122,,,,,,,,205,
DR Peng Beijing,Network,NetworkStack,Planned,G0001088,Arista Networks,DCS-7010T-48-F,XA.BJS.04.01.MD09.01.004,28,,,JPE20404885,,,,,,Rackable,Fixed,patrick_zhao,,,07/19/2021 23:03:25-04,Import,,32284,,,,,,,,MD09,
CT Beijing,Network,NetworkStack,Planned,G0001100,Arista Networks,DCS-7010T-48-F,XA.BJS.01.03.0325.01.001,19,,,JPE20405057,,,,,,Rackable,Fixed,lu_d_zhang,,,01/29/2021 03:16:27-05,Import,,27412,,,,,,,,325,
CT Guangzhou,Network,NetworkStack,Planned,G0001102,Arista Networks,DCS-7280CR2A-30-F,XA.CAN.01.07.0002.01.002,29,,,JPE20400257,,,,,,Rackable,Fixed,lu_d_zhang,,,05/06/2021 22:59:39-04,Import,,27850,,,,,,,,2,
CM Wuhan,Network,NetworkStack,Planned,G0001105,NOKIA,7750 SR-1s,XA.WUH.02.02.0205.01.002,4,,,NS1948F5845,,,,,,Rackable,Fixed,lu_d_zhang,,,11/25/2020 04:34:04-05,Import,,27119,,,,,,,,205,
CU Wuhan,Network,NetworkStack,Planned,G0001106,Arista Networks,DCS-7010T-48-F,XA.WUH.03.04.0404.01.001,25,,,JPE19460848,,,,,,Rackable,Fixed,lu_d_zhang,,,10/09/2020 22:32:26-04,Import,,4502,,,,,,,,404,
DR Peng Shanghai,Network,NetworkStack,Planned,G0001107,Arista Networks,DCS-7010T-48-F,XA.SHA.04.03.MD10.01.006,28,,,JPE20405007,,,,,,Rackable,Fixed,lu_d_zhang,,,03/28/2021 23:15:02-04,Import,,27722,,,,,,,,MD10,
CT Shanghai,Network,NetworkStack,Planned,G0001109,Arista Networks,DCS-7010T-48-F,XA.SHA.01.02.B222.01.002,36,,,JPE19460852,,,,,,Rackable,Fixed,lu_d_zhang,,,01/04/2021 03:43:16-05,Import,,27525,,,,,,,,B222,
CT Chengdu,Network,NetworkStack,Planned,G0001112,Arista Networks,DCS-7010T-48-F,XA.CTU.01.01.X1N1.01.006,28,,,JPE19460782,,,,,,Rackable,Fixed,lu_d_zhang,,,12/21/2020 21:36:58-05,Import,,27467,,,,,,,,X1N1,
CT Chengdu,Network,NetworkStack,Planned,G0001114,PaloAlto Networks,PA-5220,XA.CTU.01.01.X1N1.01.002,11,,,13201019269,,,,,,Rackable,Fixed,lu_d_zhang,,,12/21/2020 21:07:36-05,Import,,27477,,,,,,,,X1N1,
DR Peng Guangzhou,Network,NetworkStack,Planned,G0001123,Arista Networks,DCS-7010T-48-F,XA.CAN.04.01.MD02.01.001,19,,,JPE19460776,,,,,,Rackable,Fixed,pei_ye,,,04/13/2020 03:46:51-04,Import,,28086,,,,,,,,MD02,
CT Shanghai,Network,NetworkStack,Planned,G0001128,Arista Networks,DCS-7280SR-48C6-F,XA.SHA.01.02.B222.01.001,27,,,JPE20331134,,,,,,Rackable,Fixed,lu_d_zhang,,,01/04/2021 03:39:02-05,Import,,27534,,,,,,,,B222,
DR Peng Shanghai,Network,NetworkStack,Planned,G0001129,Arista Networks,DCS-7060SX2-48YC6-R,XA.SHA.04.03.MD10.01.004,26,,,JPE20360901,,,,,,Rackable,Fixed,lu_d_zhang,,,03/28/2021 23:13:44-04,Import,,27717,,,,,,,,MD10,
CT Beijing,Network,NetworkStack,Planned,G0001131,Arista Networks,DCS-7010T-48-F,XA.BJS.01.03.0325.01.006,28,,,JPE20404934,,,,,,Rackable,Fixed,lu_d_zhang,,,01/29/2021 03:25:01-05,Import,,27430,,,,,,,,325,
CM Guangzhou,Network,NetworkStack,Installed,G0001132,Arista Networks,DCS-7010T-48-F,XA.CAN.02.05.0504.01.003,28,,,JPE18462314,,,,,,Rackable,Fixed,pei_ye,,,03/23/2020 05:18:08-04,Import,,2526,,,,,,,,504,
CT Shanghai,Network,NetworkStack,Planned,G0001135,Opengear,IM7248-2-DAC_IW,XA.SHA.01.02.B222.01.001,10,,,7.25E+13,,,,,,Rackable,Fixed,lu_d_zhang,,,01/04/2021 03:42:20-05,Import,,27529,,,,,,,,B222,
CT Chengdu,Network,NetworkStack,Planned,G0001137,Arista Networks,DCS-7010T-48-F,XA.CTU.01.01.X1N1.01.005,28,,,JPE19460771,,,,,,Rackable,Fixed,lu_d_zhang,,,12/21/2020 21:36:02-05,Import,,27469,,,,,,,,X1N1,
CM Guangzhou,Network,NetworkStack,Installed,G0001141,PaloAlto Networks,PA-5220,XA.CAN.02.05.0504.01.002,11,,,13201019250,,,,,,Rackable,Fixed,pei_ye,,,03/23/2020 05:17:43-04,Import,,2524,,,,,,,,504,
CT Wuhan,Network,NetworkStack,Planned,G0001142,Arista Networks,DCS-7280SR-48C6-F,XA.WUH.01.02.0204.01.002,27,,,JPE20331153,,,,,,Rackable,Fixed,pei_ye,,,01/30/2021 06:44:16-05,Import,,27441,,,,,,,,204,
CT Beijing,Network,NetworkStack,Planned,G0001144,Arista Networks,DCS-7280SR-48C6-F,XA.BJS.01.03.0325.01.002,27,,,JPE20330923,,,,,,Rackable,Fixed,lu_d_zhang,,,01/29/2021 03:19:47-05,Import,,27419,,,,,,,,325,
CM Wuhan,Network,NetworkStack,Planned,G0001146,Arista Networks,DCS-7010T-48-F,XA.WUH.02.02.0205.01.001,19,,,JPE19460871,,,,,,Rackable,Fixed,lu_d_zhang,,,11/25/2020 04:32:54-05,Import,,27108,,,,,,,,205,
CT Shanghai,Network,NetworkStack,Planned,G0001149,Arista Networks,DCS-7010T-48-F,XA.SHA.01.02.B222.01.003,28,,,JPE19460839,,,,,,Rackable,Fixed,lu_d_zhang,,,01/04/2021 03:46:34-05,Import,,27519,,,,,,,,B222,
DR Peng Guangzhou,Network,NetworkStack,Planned,G0001158,PaloAlto Networks,PA-5220,XA.CAN.04.01.MD02.01.002,11,,,13201019272,,,,,,Rackable,Fixed,pei_ye,,,04/13/2020 03:47:01-04,Import,,28092,,,,,,,,MD02,
CU Wuhan,Network,NetworkStack,Planned,G0001165,Arista Networks,DCS-7010T-48-F,XA.WUH.03.04.0404.01.002,25,,,JPE19460853,,,,,,Rackable,Fixed,lu_d_zhang,,,10/09/2020 22:32:57-04,Import,,4513,,,,,,,,404,
CU Wuhan,Network,NetworkStack,Planned,G0001170,Arista Networks,DCS-7010T-48-F,XA.WUH.03.04.0404.01.001,19,,,JPE19460800,,,,,,Rackable,Fixed,lu_d_zhang,,,10/09/2020 22:32:33-04,Import,,4505,,,,,,,,404,
CT Beijing,Network,NetworkStack,Planned,G0001172,Arista Networks,DCS-7010T-48-F,XA.BJS.01.03.0325.01.002,36,,,JPE20404971,,,,,,Rackable,Fixed,lu_d_zhang,,,01/29/2021 03:18:50-05,Import,,27417,,,,,,,,325,
CM Wuhan,Network,NetworkStack,Planned,G0001179,Fortinet,FortiGate 100EF,XA.WUH.02.02.0205.01.001,13,,,FGHEFTK9000168,,,,,,Rackable,Fixed,lu_d_zhang,,,11/25/2020 04:33:07-05,Import,,27110,,,,,,,,205,
DR Peng Guangzhou,Network,NetworkStack,Planned,G0001181,Arista Networks,DCS-7280SR-48C6-F,XA.CAN.04.01.MD02.01.001,27,,,SGD19480631,,,,,,Rackable,Fixed,pei_ye,,,04/13/2020 03:46:44-04,Import,,28080,,,,,,,,MD02,
CT Shanghai,Network,NetworkStack,Planned,G0001184,Arista Networks,DCS-7280SR-48C6-F,XA.SHA.01.02.B222.01.001,21,,,JPE20330918,,,,,,Rackable,Fixed,lu_d_zhang,,,01/04/2021 03:40:27-05,Import,,27532,,,,,,,,B222,
CT Shanghai,Network,NetworkStack,Planned,G0001191,Arista Networks,DCS-7280CR2A-30-F,XA.SHA.01.02.B222.01.002,15,,,JPE20413055,,,,,,Rackable,Fixed,lu_d_zhang,,,01/04/2021 03:45:10-05,Import,,27521,,,,,,,,B222,
DR Peng Shanghai,Network,NetworkStack,Planned,G0001199,Arista Networks,DCS-7060SX2-48YC6-R,XA.SHA.04.03.MD10.01.006,26,,,JPE20360933,,,,,,Rackable,Fixed,lu_d_zhang,,,03/28/2021 23:14:46-04,Import,,27721,,,,,,,,MD10,
CT Wuhan,Network,NetworkStack,Planned,G0001200,Opengear,IM7248-2-DAC-L,XA.WUH.01.02.0204.01.001,10,,,7.25E+13,,,,,,Rackable,Fixed,pei_ye,,,01/30/2021 04:45:15-05,Import,,27433,,,,,,,,204,
CM Wuhan,Network,NetworkStack,Planned,G0001204,Arista Networks,DCS-7010T-48-F,XA.WUH.02.02.0205.01.002,25,,,JPE19460926,,,,,,Rackable,Fixed,lu_d_zhang,,,11/25/2020 04:33:45-05,Import,,27116,,,,,,,,205,
CU Wuhan,Network,NetworkStack,Planned,G0001206,PaloAlto Networks,PA-5220,XA.WUH.03.04.0404.01.002,11,,,13201019202,,,,,,Rackable,Fixed,lu_d_zhang,,,10/09/2020 22:33:05-04,Import,,4515,,,,,,,,404,
CT Beijing,Network,NetworkStack,Planned,G0001210,Arista Networks,DCS-7010T-48-F,XA.BJS.01.03.0325.01.005,28,,,JPE20404964,,,,,,Rackable,Fixed,lu_d_zhang,,,01/29/2021 03:24:04-05,Import,,27428,,,,,,,,325,
CT Chengdu,Network,NetworkStack,Planned,G0001211,Arista Networks,DCS-7010T-48-F,XA.CTU.01.01.X1N1.01.001,19,,,JPE19460792,,,,,,Rackable,Fixed,lu_d_zhang,,,12/21/2020 21:03:19-05,Import,,27485,,,,,,,,X1N1,
CT Beijing,Network,NetworkStack,Planned,G0001213,Arista Networks,DCS-7280CR2A-30-F,XA.BJS.01.03.0325.01.002,29,,,JPE20383352,,,,,,Rackable,Fixed,lu_d_zhang,,,01/29/2021 03:19:19-05,Import,,27418,,,,,,,,325,
CM Beijing,Network,NetworkStack,Planned,G0001221,Arista Networks,DCS-7060SX2-48YC6-F,XA.BJS.02.02.2009.01.006,26,,,JPE18491478,,,,,,Rackable,Fixed,lu_d_zhang,,,06/09/2020 02:35:28-04,Client,,2228,,,,,,,,2009,
CM Guangzhou,Network,NetworkStack,Installed,G0001223,Arista Networks,DCS-7060SX2-48YC6-R,XA.CAN.02.05.0504.01.004,26,,,JPE18491700,,,,,,Rackable,Fixed,pei_ye,,,03/23/2020 05:19:20-04,Import,,2515,,,,,,,,504,
CT Beijing,Network,NetworkStack,Planned,G0001225,Arista Networks,DCS-7280CR2A-30-F,XA.BJS.01.03.0325.01.002,15,,,JPE20424684,,,,,,Rackable,Fixed,lu_d_zhang,,,01/29/2021 03:20:45-05,Import,,27421,,,,,,,,325,
DR Peng Shanghai,Network,NetworkStack,Planned,G0001237,Arista Networks,DCS-7060SX2-48YC6-R,XA.SHA.04.03.MD10.01.005,26,,,JPE20360942,,,,,,Rackable,Fixed,lu_d_zhang,,,03/28/2021 23:14:09-04,Import,,27719,,,,,,,,MD10,
CM Beijing,Network,NetworkStack,Planned,G0001262,Arista Networks,DCS-7010T-48-F,XA.BJS.02.02.2009.01.006,28,,,JPE19460878,,,,,,Rackable,Fixed,lu_d_zhang,,,06/09/2020 02:33:59-04,Client,,2230,,,,,,,,2009,
GDS,Network,NetworkStack,Planned,G0001267,PaloAlto Networks,PA-5220,XA.CTU.04.03.0301.01.002,11,,,13201019282,,,,,,Rackable,Fixed,lu_d_zhang,,,04/17/2020 04:29:57-04,Import,,28105,,,,,,,,301,
CU Shanghai,Network,NetworkStack,Planned,G0001268,Arista Networks,DCS-7010T-48-F,XA.SHA.03.03.J2J3.01.006,28,,,JPE20404931,,,,,,Rackable,Fixed,patrick_zhao,,,07/08/2021 04:06:24-04,Client,,32212,,,,,,,,J2J3,
DR Peng Beijing,Network,NetworkStack,Planned,G0001282,Arista Networks,DCS-7280CR2A-30-F,XA.BJS.04.01.MD09.01.001,15,,,JPE19482339,,,,,,Rackable,Fixed,lu_d_zhang,,,08/24/2020 02:04:16-04,Client,,28073,,,,,,,,MD09,
CT Chengdu,Network,NetworkStack,Planned,G0001286,Arista Networks,DCS-7280SR-48C6-F,XA.CTU.01.01.X1N1.01.001,21,,,SGD19491873,,,,,,Rackable,Fixed,lu_d_zhang,,,12/21/2020 21:02:51-05,Import,,27486,,,,,,,,X1N1,
CT Beijing,Network,NetworkStack,Planned,G0001332,Opengear,IM7248-2-DAC_IW,XA.BJS.01.03.0325.01.001,10,,,7.25E+13,,,,,,Rackable,Fixed,lu_d_zhang,,,01/29/2021 03:17:52-05,Import,,27415,,,,,,,,325,
GDS,Network,NetworkStack,Planned,G0001335,Arista Networks,DCS-7280CR2A-30-F,XA.CTU.04.03.0301.01.001,15,,,JPE20400236,,,,,,Rackable,Fixed,pei_ye,,,03/01/2021 04:48:50-05,Import,,27600,,,,,,,,301,
CT Guangzhou,Network,NetworkStack,Planned,G0001355,Arista Networks,DCS-7280SR-48C6-F,XA.CAN.01.07.0002.01.002,27,,,JPE20331160,,,,,,Rackable,Fixed,lu_d_zhang,,,05/06/2021 22:59:57-04,Import,,27851,,,,,,,,2,
DR Peng Guangzhou,Network,NetworkStack,Planned,G0001360,Arista Networks,DCS-7280SR-48C6-F,XA.CAN.04.01.MD02.01.002,27,,,SGD19491960,,,,,,Rackable,Fixed,pei_ye,,,04/13/2020 03:46:58-04,Import,,28087,,,,,,,,MD02,
CT Chengdu,Network,NetworkStack,Planned,G0001361,Fortinet,FortiGate 100EF,XA.CTU.01.01.X1N1.01.001,13,,,FG1HEFTK19000214,,,,,,Rackable,Fixed,lu_d_zhang,,,12/21/2020 21:04:15-05,Import,,27484,,,,,,,,X1N1,
CT Guangzhou,Network,NetworkStack,Planned,G0001363,Arista Networks,DCS-7060SX2-48YC6-R,XA.CAN.01.07.0002.01.005,26,,,JPE20360871,,,,,,Rackable,Fixed,lu_d_zhang,,,05/26/2021 11:04:08-04,Import,,27989,,,,,,,,2,
CT Shanghai,Network,NetworkStack,Planned,G0001367,Arista Networks,DCS-7060SX2-48YC6-R,XA.SHA.01.02.B222.01.005,26,,,JPE19391857,,,,,,Rackable,Fixed,lu_d_zhang,,,01/04/2021 03:48:59-05,Import,,27511,,,,,,,,B222,
CT Beijing,Network,NetworkStack,Planned,G0001372,Arista Networks,DCS-7010T-48-F,XA.BJS.01.03.0325.01.003,28,,,JPE20404914,,,,,,Rackable,Fixed,lu_d_zhang,,,01/29/2021 03:22:09-05,Import,,27424,,,,,,,,325,
CU Beijing,Network,NetworkStack,Planned,G0001385,Arista Networks,DCS-7010T-48-F,XA.BJS.03.04.L4M2.01.010,28,,,JPE19460899,,,,,,Rackable,Fixed,lu_d_zhang,,,06/10/2020 08:03:08-04,Client,,2114,,,,,,,,L4M2,
CT Shanghai,Network,NetworkStack,Planned,G0001387,Arista Networks,DCS-7010T-48-F,XA.SHA.01.02.B222.01.002,25,,,JPE19460972,,,,,,Rackable,Fixed,lu_d_zhang,,,01/04/2021 03:44:41-05,Import,,27524,,,,,,,,B222,
CM Beijing,Network,NetworkStack,Planned,G0001388,PaloAlto Networks,PA-5220,XA.BJS.02.02.2009.01.002,11,,,13201025537,,,,,,Rackable,Fixed,lu_d_zhang,,,05/10/2021 04:55:12-04,Client,,27856,,,,,,,,2009,
CU Wuhan,Network,NetworkStack,Planned,G0001390,Arista Networks,DCS-7010T-48-F,XA.WUH.03.04.0404.01.004,28,,,JPE19460889,,,,,,Rackable,Fixed,lu_d_zhang,,,10/09/2020 22:33:16-04,Import,,4519,,,,,,,,404,
DR Peng Guangzhou,Network,NetworkStack,Planned,G0001395,Arista Networks,DCS-7280CR2A-30-F,XA.CAN.04.01.MD02.01.001,15,,,JPE20400264,,,,,,Rackable,Fixed,pei_ye,,,01/26/2021 22:29:55-05,Import,,27296,,,,,,,,MD02,
CT Beijing,Network,NetworkStack,Planned,G0001396,Arista Networks,DCS-7010T-48-F,XA.BJS.01.03.0325.01.002,25,,,JPE20404895,,,,,,Rackable,Fixed,lu_d_zhang,,,01/29/2021 03:20:17-05,Import,,27420,,,,,,,,325,
CT Chengdu,Network,NetworkStack,Planned,G0001398,Arista Networks,DCS-7280CR2A-30-F,XA.CTU.01.01.X1N1.01.002,15,,,JPE20383360,,,,,,Rackable,Fixed,lu_d_zhang,,,12/21/2020 21:07:08-05,Import,,27476,,,,,,,,X1N1,
CT Beijing,Network,NetworkStack,Planned,G0001399,Arista Networks,DCS-7060SX2-48YC6-R,XA.BJS.01.03.0325.01.004,26,,,JPE19391859,,,,,,Rackable,Fixed,lu_d_zhang,,,01/29/2021 03:23:35-05,Import,,27427,,,,,,,,325,
CT Wuhan,Network,NetworkStack,Planned,G0001400,Arista Networks,DCS-7010T-48-F,XA.WUH.01.02.0204.01.003,28,,,JPE20392531,,,,,,Rackable,Fixed,pei_ye,,,02/01/2021 03:39:30-05,Import,,27445,,,,,,,,204,
CT Beijing,Network,NetworkStack,Planned,G0001402,Arista Networks,DCS-7010T-48-F,XA.BJS.01.03.0325.01.001,25,,,JPE20392530,,,,,,Rackable,Fixed,lu_d_zhang,,,01/29/2021 03:15:01-05,Import,,27409,,,,,,,,325,
CT Chengdu,Network,NetworkStack,Planned,G0001408,Arista Networks,DCS-7010T-48-F,XA.CTU.01.01.X1N1.01.002,25,,,JPE19460789,,,,,,Rackable,Fixed,lu_d_zhang,,,12/21/2020 21:06:39-05,Import,,27478,,,,,,,,X1N1,
CT Chengdu,Network,NetworkStack,Planned,G0001409,Arista Networks,DCS-7010T-48-F,XA.CTU.01.01.X1N1.01.004,28,,,JPE19460828,,,,,,Rackable,Fixed,lu_d_zhang,,,12/21/2020 21:35:05-05,Import,,27470,,,,,,,,X1N1,
DR Peng Guangzhou,Network,NetworkStack,Planned,G0001410,Fortinet,FortiGate 100EF,XA.CAN.04.01.MD02.01.001,13,,,FG1HEFTK19000233,,,,,,Rackable,Fixed,pei_ye,,,04/13/2020 03:46:53-04,Import,,27298,,,,,,,,MD02,
CT Shanghai,Network,NetworkStack,Planned,G0001411,Arista Networks,DCS-7010T-48-F,XA.SHA.01.02.B222.01.005,28,,,JPE19460998,,,,,,Rackable,Fixed,lu_d_zhang,,,01/04/2021 03:48:30-05,Import,,27512,,,,,,,,B222,
CT Wuhan,Network,NetworkStack,Planned,G0001418,Arista Networks,DCS-7010T-48-F,XA.WUH.01.02.0204.01.002,36,,,JPE20404933,,,,,,Rackable,Fixed,pei_ye,,,02/01/2021 03:38:55-05,Import,,27444,,,,,,,,204,
CT Guangzhou,Network,NetworkStack,Planned,G0001419,Arista Networks,DCS-7060SX2-48YC6-R,XA.CAN.01.07.0002.01.006,26,,,JPE20360892,,,,,,Rackable,Fixed,lu_d_zhang,,,05/26/2021 11:03:47-04,Import,,27988,,,,,,,,2,
CT Beijing,Network,NetworkStack,Planned,G0001424,Arista Networks,DCS-7060SX2-48YC6-R,XA.BJS.01.03.0325.01.005,26,,,JPE19391858,,,,,,Rackable,Fixed,lu_d_zhang,,,01/29/2021 03:24:32-05,Import,,27429,,,,,,,,325,
CT Shanghai,Network,NetworkStack,Planned,G0001428,Arista Networks,DCS-7010T-48-F,XA.SHA.01.02.B222.01.004,28,,,JPE19460823,,,,,,Rackable,Fixed,lu_d_zhang,,,01/04/2021 03:47:33-05,Import,,27516,,,,,,,,B222,
CT Beijing,Network,NetworkStack,Planned,G0001431,Arista Networks,DCS-7280CR2A-30-F,XA.BJS.01.03.0325.01.001,29,,,JPE20371843,,,,,,Rackable,Fixed,lu_d_zhang,,,01/29/2021 03:14:05-05,Import,,27407,,,,,,,,325,
CM Wuhan,Network,NetworkStack,Planned,G0001432,Arista Networks,DCS-7280CR2A-30-F,XA.WUH.02.02.0205.01.001,29,,,JPE20383353,,,,,,Rackable,Fixed,lu_d_zhang,,,11/25/2020 04:32:23-05,Import,,27103,,,,,,,,205,
CT Chengdu,Network,NetworkStack,Planned,G0001440,Arista Networks,DCS-7010T-48-F,XA.CTU.01.01.X1N1.01.002,36,,,JPE19460936,,,,,,Rackable,Fixed,lu_d_zhang,,,12/21/2020 21:33:15-05,Import,,27471,,,,,,,,X1N1,
CT Guangzhou,Network,NetworkStack,Planned,G0001441,Arista Networks,DCS-7280CR2A-30-F,XA.CAN.01.07.0002.01.002,15,,,JPE20424642,,,,,,Rackable,Fixed,lu_d_zhang,,,05/06/2021 23:00:16-04,Import,,27852,,,,,,,,2,
CM Wuhan,Network,NetworkStack,Planned,G0001445,Arista Networks,DCS-7010T-48-F,XA.WUH.02.02.0205.01.001,25,,,JPE19460794,,,,,,Rackable,Fixed,lu_d_zhang,,,11/25/2020 04:32:35-05,Import,,27105,,,,,,,,205,
DR Peng Shanghai,Network,NetworkStack,Planned,G0001452,Arista Networks,DCS-7010T-48-F,XA.SHA.04.03.MD10.01.004,28,,,JPE20405088,,,,,,Rackable,Fixed,lu_d_zhang,,,03/28/2021 23:13:51-04,Import,,27718,,,,,,,,MD10,
DR Peng Guangzhou,Network,NetworkStack,Planned,G0001453,Arista Networks,DCS-7010T-48-F,XA.CAN.04.01.MD02.01.001,25,,,JPE19460928,,,,,,Rackable,Fixed,pei_ye,,,04/13/2020 03:46:46-04,Import,,28084,,,,,,,,MD02,
CT Guangzhou,Network,NetworkStack,Planned,G0001455,Arista Networks,DCS-7060SX2-48YC6-R,XA.CAN.01.07.0002.01.003,26,,,JPE20360890,,,,,,Rackable,Fixed,lu_d_zhang,,,05/26/2021 11:04:49-04,Import,,27991,,,,,,,,2,
CT Beijing,Network,NetworkStack,Planned,G0001456,Arista Networks,DCS-7280SR-48C6-F,XA.BJS.01.03.0325.01.001,27,,,JPE20330134,,,,,,Rackable,Fixed,lu_d_zhang,,,01/29/2021 03:14:32-05,Import,,27408,,,,,,,,325,
CT Chengdu,Network,NetworkStack,Planned,G0001458,Arista Networks,DCS-7060SX2-48YC6-R,XA.CTU.01.01.X1N1.01.005,26,,,JPE19384343,,,,,,Rackable,Fixed,lu_d_zhang,,,12/21/2020 21:36:30-05,Import,,27468,,,,,,,,X1N1,
CT Beijing,Network,NetworkStack,Planned,G0001460,Arista Networks,DCS-7010T-48-F,XA.BJS.01.03.0325.01.004,28,,,JPE20404985,,,,,,Rackable,Fixed,lu_d_zhang,,,01/29/2021 03:23:07-05,Import,,27426,,,,,,,,325,
CT Shanghai,Network,NetworkStack,Planned,G0001461,Arista Networks,DCS-7280CR2A-30-F,XA.SHA.01.02.B222.01.001,29,,,JPE20424775,,,,,,Rackable,Fixed,lu_d_zhang,,,01/04/2021 03:38:34-05,Import,,27535,,,,,,,,B222,
CT Shanghai,Network,NetworkStack,Planned,G0001465,Arista Networks,DCS-7060SX2-48YC6-R,XA.SHA.01.02.B222.01.004,26,,,JPE19391657,,,,,,Rackable,Fixed,lu_d_zhang,,,01/04/2021 03:48:02-05,Import,,27513,,,,,,,,B222,
CT Wuhan,Network,NetworkStack,Planned,G0001472,Arista Networks,DCS-7010T-48-F,XA.WUH.01.02.0204.01.002,25,,,JPE20404892,,,,,,Rackable,Fixed,pei_ye,,,01/30/2021 06:44:45-05,Import,,27442,,,,,,,,204,
CT Wuhan,Network,NetworkStack,Planned,G0001480,Arista Networks,DCS-7060SX2-48YC6-R,XA.WUH.01.02.0204.01.003,26,,,JPE20360870,,,,,,Rackable,Fixed,pei_ye,,,02/01/2021 03:39:59-05,Import,,27446,,,,,,,,204,
CT Wuhan,Network,NetworkStack,Planned,G0001485,Arista Networks,DCS-7280SR-48C6-F,XA.WUH.01.02.0204.01.001,27,,,JPE20330899,,,,,,Rackable,Fixed,pei_ye,,,01/30/2021 06:41:05-05,Import,,27435,,,,,,,,204,
CT Wuhan,Network,NetworkStack,Planned,G0001486,Arista Networks,DCS-7010T-48-F,XA.WUH.01.02.0204.01.001,19,,,JPE20404854,,,,,,Rackable,Fixed,pei_ye,,,01/30/2021 06:42:34-05,Import,,27438,,,,,,,,204,
CU Wuhan,Network,NetworkStack,Planned,G0001488,Opengear,IM7248-2-DAC_IW,XA.WUH.03.04.0404.01.001,10,,,7.25E+13,,,,,,Rackable,Fixed,lu_d_zhang,,,10/09/2020 22:32:40-04,Import,,4508,,,,,,,,404,
CT Beijing,Network,NetworkStack,Planned,G0001492,NOKIA,7750 SR-1s,XA.BJS.01.03.0325.01.001,4,,,NS2003F5299,,,,,,Rackable,Fixed,lu_d_zhang,,,01/29/2021 03:18:21-05,Import,,27416,,,,,,,,325,
GDS,Network,NetworkStack,Planned,G0001510,Fortinet,FortiGate 100EF,XA.CTU.04.03.0301.01.001,13,,,FG1HEFTK19000206,,,,,,Rackable,Fixed,lu_d_zhang,,,04/17/2020 04:29:49-04,Import,,27604,,,,,,,,301,
CT Shanghai,Network,NetworkStack,Planned,G0001518,Fortinet,FortiGate 100EF,XA.SHA.01.02.B222.01.001,13,,,FG1HEFTK19000254,,,,,,Rackable,Fixed,lu_d_zhang,,,01/04/2021 03:41:52-05,Import,,27527,,,,,,,,B222,
CM Wuhan,Network,NetworkStack,Planned,G0001520,PaloAlto Networks,PA-5220,XA.WUH.02.02.0205.01.002,11,,,13201019270,,,,,,Rackable,Fixed,lu_d_zhang,,,11/25/2020 04:33:57-05,Import,,27118,,,,,,,,205,
CT Shanghai,Network,NetworkStack,Planned,G0001522,Arista Networks,DCS-7060SX2-48YC6-R,XA.SHA.01.02.B222.01.003,26,,,JPE19391865,,,,,,Rackable,Fixed,lu_d_zhang,,,01/04/2021 03:47:03-05,Import,,27517,,,,,,,,B222,
CT Shanghai,Network,NetworkStack,Planned,G0001523,NOKIA,7750 SR-1s,XA.SHA.01.02.B222.01.002,4,,,NS1952F5886,,,,,,Rackable,Fixed,lu_d_zhang,,,01/04/2021 03:46:06-05,Import,,27518,,,,,,,,B222,
CT Wuhan,Network,NetworkStack,Planned,G0001529,Arista Networks,DCS-7280SR-48C6-F,XA.WUH.01.02.0204.01.001,21,,,JPE20330892,,,,,,Rackable,Fixed,pei_ye,,,01/30/2021 06:42:05-05,Import,,27437,,,,,,,,204,
CT Beijing,Network,NetworkStack,Planned,G0001533,Opengear,IM7248-2-DAC_IW,XA.BJS.01.03.0325.01.001,23,,,7.25E+13,,,,,,Rackable,Fixed,lu_d_zhang,,,01/29/2021 03:15:30-05,Import,,27410,,,,,,,,325,
CM Wuhan,Network,NetworkStack,Planned,G0001535,Arista Networks,DCS-7280SR-48C6-F,XA.WUH.02.02.0205.01.001,21,,,SGD19492009,,,,,,Rackable,Fixed,lu_d_zhang,,,11/25/2020 04:32:47-05,Import,,27107,,,,,,,,205,
CT Guangzhou,Network,NetworkStack,Planned,G0001536,Opengear,IM7248-2-DAC_IW,XA.CAN.01.07.0002.01.001,10,,,7.25E+13,,,,,,Rackable,Fixed,lu_d_zhang,,,05/06/2021 22:59:04-04,Import,,27848,,,,,,,,2,
DR Peng Beijing,Network,NetworkStack,Planned,G0001539,Arista Networks,DCS-7280CR2A-30-F,XA.BJS.04.01.MD09.01.002,15,,,JPE19482309,,,,,,Rackable,Fixed,lu_d_zhang,,,08/24/2020 02:12:01-04,Client,,28074,,,,,,,,MD09,
CT Beijing,Network,NetworkStack,Planned,G0001546,Fortinet,FortiGate 100EF,XA.BJS.01.03.0325.01.001,13,,,FG100FTK19024529,,,,,,Rackable,Fixed,lu_d_zhang,,,01/29/2021 03:17:24-05,Import,,27414,,,,,,,,325,
CT Shanghai,Network,NetworkStack,Planned,G0001549,Opengear,IM7248-2-DAC_IW,XA.SHA.01.02.B222.02.001,23,,,7.25E+13,,,,,,Rackable,Fixed,patrick_zhao,,,07/17/2021 23:23:10-04,Client,,32269,,,,,,,,B222,
CM Wuhan,Network,NetworkStack,Planned,G0001550,Arista Networks,DCS-7010T-48-F,XA.WUH.02.02.0205.01.003,28,,,JPE19460844,,,,,,Rackable,Fixed,lu_d_zhang,,,11/25/2020 04:48:23-05,Import,,27120,,,,,,,,205,
CT Shanghai,Network,NetworkStack,Planned,G0001554,Arista Networks,DCS-7280SR-48C6-F,XA.SHA.01.02.B222.01.002,27,,,JPE20331157,,,,,,Rackable,Fixed,lu_d_zhang,,,01/04/2021 03:44:12-05,Import,,27522,,,,,,,,B222,
CT Chengdu,Network,NetworkStack,Planned,G0001561,Arista Networks,DCS-7280CR2A-30-F,XA.CTU.02.01.4110.01.002,15,,,JPE18311141,,,,,,Rackable,Fixed,lu_d_zhang,,,09/03/2020 05:23:46-04,Client,,2693,,,,,,,,4110,
DR Peng Shanghai,Network,NetworkStack,Planned,G0001562,Arista Networks,DCS-7010T-48-F,XA.SHA.04.03.MD10.01.005,28,,,JPE20392533,,,,,,Rackable,Fixed,lu_d_zhang,,,03/28/2021 23:14:29-04,Import,,27720,,,,,,,,MD10,
CT Guangzhou,Network,NetworkStack,Planned,G0001563,Arista Networks,DCS-7060SX2-48YC6-R,XA.CAN.01.07.0002.01.004,26,,,JPE20360955,,,,,,Rackable,Fixed,lu_d_zhang,,,05/26/2021 11:04:29-04,Import,,27990,,,,,,,,2,
DR Peng Guangzhou,Network,NetworkStack,Planned,G0001567,Arista Networks,DCS-7010T-48-F,XA.CAN.04.01.MD02.01.002,25,,,JPE19461022,,,,,,Rackable,Fixed,pei_ye,,,04/13/2020 03:47:00-04,Import,,28089,,,,,,,,MD02,
CU Wuhan,Network,NetworkStack,Planned,G0001593,Arista Networks,DCS-7280SR-48C6-F,XA.WUH.03.04.0404.01.002,27,,,SGD19491901,,,,,,Rackable,Fixed,lu_d_zhang,,,10/09/2020 22:32:55-04,Import,,4512,,,,,,,,404,
CT Wuhan,Network,NetworkStack,Planned,G0001600,Arista Networks,DCS-7280CR2A-30-F,XA.WUH.01.02.0204.01.002,29,,,JPE20413086,,,,,,Rackable,Fixed,pei_ye,,,01/30/2021 06:43:48-05,Import,,27440,,,,,,,,204,
CM Wuhan,Network,NetworkStack,Planned,G0001638,Arista Networks,DCS-7280CR2A-30-F,XA.WUH.02.02.0205.01.002,29,,,JPE20413087,,,,,,Rackable,Fixed,lu_d_zhang,,,11/25/2020 04:33:32-05,Import,,27114,,,,,,,,205,
CT Shanghai,Network,NetworkStack,Planned,G0001639,PaloAlto Networks,PA-5220,XA.SHA.01.02.B222.01.002,11,,,13201023186,,,,,,Rackable,Fixed,lu_d_zhang,,,01/04/2021 03:45:38-05,Import,,27520,,,,,,,,B222,
CT Guangzhou,Network,NetworkStack,Planned,G0001652,Fortinet,FortiGate 100EF,XA.CAN.01.07.0002.01.001,13,,,FG100FTK19025314,,,,,,Rackable,Fixed,lu_d_zhang,,,05/06/2021 22:58:47-04,Import,,27847,,,,,,,,2,
CM Guangzhou,Network,NetworkStack,Planned,G0001664,Arista Networks,DCS-7280CR2A-30-F,XA.CAN.02.05.0504.01.001,15,,,JPE20424755,,,,,,Rackable,Fixed,lu_d_zhang,,,12/23/2020 03:29:36-05,Client,,27242,,,,,,,,504,
CT Shanghai,Network,NetworkStack,Planned,G0001690,Arista Networks,DCS-7010T-48-F,XA.SHA.01.02.B222.01.001,25,,,JPE20392537,,,,,,Rackable,Fixed,lu_d_zhang,,,01/04/2021 03:39:31-05,Import,,27531,,,,,,,,B222,
CT Guangzhou,Network,NetworkStack,Planned,G0001743,PaloAlto Networks,PA-5220,XA.CAN.01.07.0002.01.002,11,,,13201023324,,,,,,Rackable,Fixed,lu_d_zhang,,,05/06/2021 23:00:33-04,Import,,27853,,,,,,,,2,
CT Beijing,Network,NetworkStack,Planned,G0001763,Arista Networks,DCS-7280CR2A-30-F,XA.BJS.01.03.0325.01.001,15,,,JPE20371854,,,,,,Rackable,Fixed,lu_d_zhang,,,01/29/2021 03:16:56-05,Import,,27413,,,,,,,,325,
CM Guangzhou,Network,NetworkStack,Planned,G0001788,Arista Networks,DCS-7280CR2A-30-F,XA.CAN.02.05.0504.01.002,15,,,JPE20424661,,,,,,Rackable,Fixed,lu_d_zhang,,,12/23/2020 03:38:22-05,Client,,27243,,,,,,,,504,
CT Wuhan,Network,NetworkStack,Planned,G0001841,Fortinet,FG-1100E,XA.WUH.01.02.0204.01.001,13,,,FG100FTK20005758,,,,,,Rackable,Fixed,pei_ye,,,01/28/2021 00:30:12-05,Import,,27343,,,,,,,,204,
CT Chengdu,Network,NetworkStack,Planned,G0001880,Arista Networks,DCS-7280SR-48C6-F,XA.CTU.01.01.X1N1.01.002,27,,,SGD19491962,,,,,,Rackable,Fixed,lu_d_zhang,,,12/21/2020 21:06:11-05,Import,,27479,,,,,,,,X1N1,
GDS,Network,NetworkStack,Planned,G0001933,Arista Networks,DCS-7280SR-48C6-F,XA.CTU.04.03.0301.01.002,27,,,SGD19480655,,,,,,Rackable,Fixed,lu_d_zhang,,,04/17/2020 04:29:54-04,Import,,28101,,,,,,,,301,
DR Peng Guangzhou,Network,NetworkStack,Planned,G0001964,Arista Networks,DCS-7280CR2A-30-F,XA.CAN.04.01.MD02.01.002,15,,,JPE20290050,,,,,,Rackable,Fixed,pei_ye,,,01/26/2021 22:37:07-05,Import,,27297,,,,,,,,MD02,
CM Wuhan,Network,NetworkStack,Planned,G0001997,Arista Networks,DCS-7280SR-48C6-F,XA.WUH.02.02.0205.01.002,27,,,SGD19480679,,,,,,Rackable,Fixed,lu_d_zhang,,,11/25/2020 04:33:38-05,Import,,27115,,,,,,,,205,
CT Chengdu,Network,NetworkStack,Planned,G0002018,Arista Networks,DCS-7280CR2A-30-F,XA.CTU.01.01.X1N1.01.001,15,,,JPE20371825,,,,,,Rackable,Fixed,lu_d_zhang,,,12/21/2020 21:03:48-05,Import,,27482,,,,,,,,X1N1,
CU Wuhan,Network,NetworkStack,Planned,G0002020,Arista Networks,DCS-7280SR-48C6-F,XA.WUH.03.04.0404.01.001,21,,,SGD19480772,,,,,,Rackable,Fixed,lu_d_zhang,,,10/09/2020 22:32:31-04,Import,,4504,,,,,,,,404,
GDS,Network,NetworkStack,Planned,G0002044,Arista Networks,DCS-7280CR2A-30-F,XA.CTU.04.03.0301.01.002,15,,,JPE20424804,,,,,,Rackable,Fixed,pei_ye,,,03/01/2021 04:48:41-05,Import,,27599,,,,,,,,301,
CM Wuhan,Network,NetworkStack,Planned,G0002051,Arista Networks,DCS-7280CR2A-30-F,XA.WUH.02.02.0205.01.001,15,,,JPE20413051,,,,,,Rackable,Fixed,lu_d_zhang,,,11/25/2020 04:33:01-05,Import,,27109,,,,,,,,205,
CT Chengdu,Network,NetworkStack,Planned,G0002159,Arista Networks,DCS-7280CR2A-30-F,XA.CTU.01.01.X1N1.01.002,29,,,JPE20400233,,,,,,Rackable,Fixed,lu_d_zhang,,,12/21/2020 21:05:43-05,Import,,27483,,,,,,,,X1N1,
CT Wuhan,Network,NetworkStack,Planned,G0002170,Arista Networks,DCS-7280CR2A-30-F,XA.WUH.01.02.0204.01.001,29,,,JPE20400243,,,,,,Rackable,Fixed,pei_ye,,,01/30/2021 06:40:56-05,Import,,27434,,,,,,,,204,
CT Guangzhou,Network,NetworkStack,Planned,G0002218,Arista Networks,DCS-7280CR2A-30-F,XA.CAN.01.07.0002.01.001,29,,,JPE20371811,,,,,,Rackable,Fixed,lu_d_zhang,,,05/06/2021 22:57:21-04,Import,,27842,,,,,,,,2,
CU Wuhan,Network,NetworkStack,Planned,G0002229,Opengear,IM7248-2-DAC_IW,XA.WUH.03.04.0404.01.001,23,,,7.25E+13,,,,,,Rackable,Fixed,lu_d_zhang,,,10/09/2020 22:32:28-04,Import,,4503,,,,,,,,404,
CU Wuhan,Network,NetworkStack,Planned,G0002239,Arista Networks,DCS-7280SR-48C6-F,XA.WUH.03.04.0404.01.001,27,,,SGD19480672,,,,,,Rackable,Fixed,lu_d_zhang,,,10/09/2020 22:32:23-04,Import,,4501,,,,,,,,404,
CT Wuhan,Network,NetworkStack,Planned,G0002243,Arista Networks,DCS-7280CR2A-30-F,XA.WUH.01.02.0204.01.002,15,,,JPE20413091,,,,,,Rackable,Fixed,pei_ye,,,01/30/2021 06:45:14-05,Import,,27443,,,,,,,,204,
CT Beijing,Network,NetworkStack,Planned,G0002262,PaloAlto Networks,PA-5220,XA.BJS.01.03.0325.01.002,11,,,13201023281,,,,,,Rackable,Fixed,lu_d_zhang,,,01/29/2021 03:21:13-05,Import,,27422,,,,,,,,325,
CT Wuhan,Network,NetworkStack,Planned,G0002271,Arista Networks,DCS-7010T-48-F,XA.WUH.01.02.0204.01.001,25,,,JPE20404882,,,,,,Rackable,Fixed,pei_ye,,,01/30/2021 06:41:33-05,Import,,27436,,,,,,,,204,
CT Wuhan,Network,NetworkStack,Planned,G0002274,Opengear,IM7248-2-DAC-L,XA.WUH.01.02.0204.01.001,23,,,7.25E+13,,,,,,Rackable,Fixed,pei_ye,,,01/30/2021 04:45:01-05,Import,,27432,,,,,,,,204,
CT Beijing,Network,NetworkStack,Planned,G0002277,Arista Networks,DCS-7060SX2-48YC6-R,XA.BJS.01.03.0325.01.003,26,,,JPE20360885,,,,,,Rackable,Fixed,lu_d_zhang,,,01/29/2021 03:22:37-05,Import,,27425,,,,,,,,325,
GDS,Network,NetworkStack,Planned,G0002287,Arista Networks,DCS-7280SR-48C6-F,XA.CTU.04.03.0301.01.001,27,,,SGD19480789,,,,,,Rackable,Fixed,lu_d_zhang,,,04/17/2020 04:29:40-04,Import,,28100,,,,,,,,301,
CT Guangzhou,Network,NetworkStack,Planned,G0002300,Opengear,IM7248-2-DAC_IW,XA.CAN.01.07.0002.01.001,23,,,7.25E+13,,,,,,Rackable,Fixed,lu_d_zhang,,,05/06/2021 22:57:57-04,Import,,27844,,,,,,,,2,
CT Shanghai,Network,NetworkStack,Planned,G0002301,Opengear,IM7248-2-DAC_IW,XA.SHA.01.02.B222.01.001,23,,,7.25E+13,,,,,,Rackable,Fixed,lu_d_zhang,,,01/04/2021 03:39:59-05,Import,,27533,,,,,,,,B222,
CU Chengdu,Network,NetworkStack,Planned,G0027497,Arista Networks,DCS-7280CR2A-30-F,XA.CTU.03.03.C303.01.002,15,,,JPE19482332,,,,,,Rackable,Fixed,lu_d_zhang,,,11/17/2020 00:16:33-05,Client,,26996,,,,,,,,C303,
CM Beijing,Network,NetworkStack,Planned,G0027522,Arista Networks,DCS-7280CR2A-30-F,XA.BJS.02.02.2009.01.001,15,,,JPE20012280,,,,,,Rackable,Fixed,lu_d_zhang,,,09/16/2020 05:32:18-04,Client,,2785,,,,,,,,2009,
CM Beijing,Network,NetworkStack,Planned,G0027544,Arista Networks,DCS-7280CR2A-30-F,XA.BJS.02.02.2009.01.002,15,,,JPE20012300,,,,,,Rackable,Fixed,lu_d_zhang,,,09/16/2020 05:34:23-04,Client,,2786,,,,,,,,2009,
CU Beijing,Network,NetworkStack,Planned,G0027575,Arista Networks,DCS-7280CR2A-30-F,XA.BJS.03.04.L4M2.01.002,15,,,JPE20063406,,,,,,Rackable,Fixed,lu_d_zhang,,,09/28/2020 04:27:04-04,Client,,3784,,,,,,,,L4M2,
CU Chengdu,Network,NetworkStack,Planned,G0027578,Arista Networks,DCS-7280CR2A-30-F,XA.CTU.03.03.C303.01.001,15,,,JPE20063423,,,,,,Rackable,Fixed,lu_d_zhang,,,11/17/2020 00:08:41-05,Client,,26995,,,,,,,,C303,
CU Guangzhou,Network,NetworkStack,Planned,G0027584,Arista Networks,DCS-7280CR2A-30-F,XA.CAN.03.03.3008.01.002,15,,,JPE20063422,,,,,,Rackable,Fixed,lu_d_zhang,,,11/17/2020 00:24:45-05,Client,,26998,,,,,,,,3008,
CU Guangzhou,Network,NetworkStack,Planned,G0027623,Arista Networks,DCS-7280CR2A-30-F,XA.CAN.03.03.3008.01.001,15,,,JPE20063396,,,,,,Rackable,Fixed,lu_d_zhang,,,11/17/2020 00:18:20-05,Client,,26997,,,,,,,,3008,
DR Peng Beijing,Network,NetworkStack,Planned,G0068887,Arista Networks,DCS-7060SX2-48YC6-F,XA.BJS.04.01.MD09.01.004,26,,,JPE20220857,,,,,,Rackable,Fixed,lu_d_zhang,,,08/03/2021 09:39:48-04,Client,,32285,,,,,,,,MD09,
CM Guangzhou,Network,NetworkStack,Planned,G0101570,Arista Networks,DCS-7010T-48-F,XA.CAN.02.05.0504.01.005,28,,,JPE20052630,,,,,,Rackable,Fixed,patrick_zhao,,,05/21/2021 06:03:51-04,Client,,28000,,,,,,,,504,
CT Guangzhou,Network,NetworkStack,Planned,G0101603,Arista Networks,DCS-7010T-48-F,XA.CAN.01.07.0002.01.001,19,,,JPE20052635,,,,,,Rackable,Fixed,patrick_zhao,,,05/21/2021 05:05:23-04,Client,,27999,,,,,,,,2,
CT Guangzhou,Network,NetworkStack,Planned,G0101620,Arista Networks,DCS-7010T-48-F,XA.CAN.01.07.0002.01.004,28,,,JPE20051316,,,,,,Rackable,Fixed,patrick_zhao,,,05/21/2021 05:43:36-04,Client,,27994,,,,,,,,2,
CT Guangzhou,Network,NetworkStack,Planned,G0101627,Arista Networks,DCS-7010T-48-F,XA.CAN.01.07.0002.01.003,28,,,JPE20052840,,,,,,Rackable,Fixed,patrick_zhao,,,05/21/2021 05:12:36-04,Client,,27995,,,,,,,,2,
CT Guangzhou,Network,NetworkStack,Planned,G0101628,Arista Networks,DCS-7010T-48-F,XA.CAN.01.07.0002.01.006,28,,,JPE20051362,,,,,,Rackable,Fixed,patrick_zhao,,,05/21/2021 05:39:57-04,Client,,27992,,,,,,,,2,
CM Guangzhou,Network,NetworkStack,Planned,G0101629,Arista Networks,DCS-7010T-48-F,XA.CAN.02.05.0504.01.006,28,,,JPE20052992,,,,,,Rackable,Fixed,patrick_zhao,,,05/21/2021 06:09:39-04,Client,,28002,,,,,,,,504,
CT Guangzhou,Network,NetworkStack,Planned,G0101630,Arista Networks,DCS-7010T-48-F,XA.CAN.01.07.0002.01.002,25,,,JPE20051195,,,,,,Rackable,Fixed,patrick_zhao,,,05/21/2021 05:32:03-04,Client,,27997,,,,,,,,2,
CT Guangzhou,Network,NetworkStack,Planned,G0101631,Arista Networks,DCS-7010T-48-F,XA.CAN.01.07.0002.01.005,28,,,JPE20052620,,,,,,Rackable,Fixed,patrick_zhao,,,05/21/2021 05:36:00-04,Client,,27993,,,,,,,,2,
CM Shanghai,Network,NetworkStack,Planned,G0101644,Arista Networks,DCS-7010T-48-F,XA.SHA.02.01.M215.01.008,28,,,JPE20052781,,,,,,Rackable,Fixed,lu_d_zhang,,,05/16/2021 21:44:15-04,Client,,27962,,,,,,,,M215,
CM Shanghai,Network,NetworkStack,Planned,G0101648,Arista Networks,DCS-7010T-48-F,XA.SHA.02.01.M215.01.007,28,,,JPE19515069,,,,,,Rackable,Fixed,lu_d_zhang,,,05/16/2021 21:39:00-04,Client,,27961,,,,,,,,M215,
CT Guangzhou,Network,NetworkStack,Planned,G0101657,Arista Networks,DCS-7010T-48-F,XA.CAN.01.07.0002.01.002,36,,,JPE20051228,,,,,,Rackable,Fixed,patrick_zhao,,,05/21/2021 05:19:58-04,Client,,27996,,,,,,,,2,
CU Wuhan,Network,NetworkStack,Planned,G0101665,Arista Networks,DCS-7280CR2A-30-F,XA.WUH.03.04.0404.01.001,15,,,JPE20063397,,,,,,Rackable,Fixed,lu_d_zhang,,,10/09/2020 22:32:35-04,Import,,4506,,,,,,,,404,
CM Shanghai,Network,NetworkStack,Planned,G0101669,Arista Networks,DCS-7280CR2A-30-F,XA.SHA.02.01.M215.01.002,15,,,JPE20063411,,,,,,Rackable,Fixed,lu_d_zhang,,,09/15/2020 05:17:12-04,Client,,2782,,,,,,,,M215,
CU Wuhan,Network,NetworkStack,Planned,G0101672,Arista Networks,DCS-7280CR2A-30-F,XA.WUH.03.04.0404.01.002,15,,,JPE20012289,,,,,,Rackable,Fixed,lu_d_zhang,,,10/09/2020 22:32:59-04,Import,,4514,,,,,,,,404,
CU Wuhan,Network,NetworkStack,Planned,G0101673,Arista Networks,DCS-7280CR2A-30-F,XA.WUH.03.04.0404.01.001,29,,,JPE20083502,,,,,,Rackable,Fixed,lu_d_zhang,,,10/09/2020 22:32:21-04,Import,,4500,,,,,,,,404,
CM Shanghai,Network,NetworkStack,Planned,G0101674,Arista Networks,DCS-7280CR2A-30-F,XA.SHA.02.01.M215.01.001,15,,,JPE20083520,,,,,,Rackable,Fixed,lu_d_zhang,,,09/15/2020 04:50:48-04,Client,,2781,,,,,,,,M215,
CM Shanghai,Network,NetworkStack,Planned,G0101679,Arista Networks,DCS-7060SX2-48YC6-F,XA.SHA.02.01.M215.01.008,26,,,JPE20030822,,,,,,Rackable,Fixed,lu_d_zhang,,,05/16/2021 21:34:48-04,Client,,27960,,,,,,,,M215,
CM Guangzhou,Network,NetworkStack,Planned,G0101680,Arista Networks,DCS-7060SX2-48YC6-F,XA.CAN.02.05.0504.01.005,26,,,JPE20030833,,,,,,Rackable,Fixed,patrick_zhao,,,05/21/2021 06:13:40-04,Client,,28001,,,,,,,,504,
CM Shanghai,Network,NetworkStack,Planned,G0101685,Arista Networks,DCS-7060SX2-48YC6-F,XA.SHA.02.01.M215.01.007,26,,,JPE20030918,,,,,,Rackable,Fixed,lu_d_zhang,,,05/16/2021 21:26:36-04,Client,,27959,,,,,,,,M215,
CT Chengdu,Network,NetworkStack,Planned,G0101692,Arista Networks,DCS-7280CR2A-30-F,XA.CTU.02.01.4110.01.001,15,,,JPE20083505,,,,,,Rackable,Fixed,lu_d_zhang,,,09/03/2020 05:06:13-04,Client,,2692,,,,,,,,4110,
CU Wuhan,Network,NetworkStack,Planned,G0101696,Arista Networks,DCS-7280CR2A-30-F,XA.WUH.03.04.0404.01.002,29,,,JPE20102034,,,,,,Rackable,Fixed,lu_d_zhang,,,10/09/2020 22:32:53-04,Import,,4511,,,,,,,,404,
CU Shanghai,Network,NetworkStack,Planned,G0101699,Arista Networks,DCS-7280CR2A-30-F,XA.SHA.03.03.J2J3.01.001,15,,,JPE20080768,,,,,,Rackable,Fixed,lu_d_zhang,,,09/16/2020 05:17:25-04,Client,,2783,,,,,,,,J2J3,
CT Shanghai,Network,NetworkStack,Planned,G0101700,Arista Networks,DCS-7060SX2-48YC6-R,XA.SHA.01.02.B222.02.004,26,,,JPE20030812,,,,,,Rackable,Fixed,patrick_zhao,,,07/17/2021 23:52:13-04,Client,,32268,,,,,,,,B222,
CT Shanghai,Network,NetworkStack,Planned,G0101701,Arista Networks,DCS-7060SX2-48YC6-R,XA.SHA.01.02.B222.02.003,26,,,JPE20030885,,,,,,Rackable,Fixed,lingling_sun2,,,02/07/2021 19:28:48-05,Import,,32266,,,,,,,,B222,
CU Shanghai,Network,NetworkStack,Planned,G0101707,Arista Networks,DCS-7060SX2-48YC6-R,XA.SHA.03.03.J2J3.01.006,26,,,JPE20030783,,,,,,Rackable,Fixed,patrick_zhao,,,07/08/2021 03:41:45-04,Client,,32213,,,,,,,,J2J3,
CM Guangzhou,Network,NetworkStack,Planned,G0101725,Arista Networks,DCS-7060SX2-48YC6-F,XA.CAN.02.05.0504.01.006,26,,,JPE20030750,,,,,,Rackable,Fixed,patrick_zhao,,,05/21/2021 06:19:19-04,Client,,28003,,,,,,,,504,
CT Guangzhou,Network,NetworkStack,Planned,G0101729,Arista Networks,DCS-7010T-48-F,XA.CAN.01.07.0002.01.001,25,,,JPE20051361,,,,,,Rackable,Fixed,patrick_zhao,,,05/21/2021 05:27:04-04,Client,,27998,,,,,,,,2,
CU Beijing,Network,NetworkStack,Planned,G0101735,Arista Networks,DCS-7280CR2A-30-F,XA.BJS.03.04.L4M2.01.001,15,,,JPE20141559,,,,,,Rackable,Fixed,lu_d_zhang,,,09/28/2020 04:22:05-04,Client,,3783,,,,,,,,L4M2,
CT Wuhan,Network,NetworkStack,Planned,G0107172,PaloAlto Networks,PA-5220,XA.WUH.01.02.0204.01.002,11,,,13201024247,,,,,,Rackable,Fixed,lu_d_zhang,,,02/25/2021 21:46:35-05,Client,,27598,,,,,,,,204,
CT Shanghai,Network,NetworkStack,Planned,G0107192,Arista Networks,DCS-7010T-48-F,XA.SHA.01.02.B222.02.004,28,,,JPE20052593,,,,,,Rackable,Fixed,patrick_zhao,,,07/18/2021 00:33:58-04,Client,,32267,,,,,,,,B222,
CT Shanghai,Network,NetworkStack,Planned,G0107193,Arista Networks,DCS-7010T-48-F,XA.SHA.01.02.B222.02.003,28,,,JPE20052724,,,,,,Rackable,Fixed,patrick_zhao,,,07/18/2021 00:26:29-04,Client,,32265,,,,,,,,B222,
CT Shanghai,Network,NetworkStack,Planned,G0107194,Arista Networks,DCS-7010T-48-F,XA.SHA.01.02.B222.02.002,36,,,JPE20052608,,,,,,Rackable,Fixed,patrick_zhao,,,07/18/2021 00:37:59-04,Client,,32263,,,,,,,,B222,
CT Shanghai,Network,NetworkStack,Planned,G0107195,Arista Networks,DCS-7010T-48-F,XA.SHA.01.02.B222.02.001,19,,,JPE20052644,,,,,,Rackable,Fixed,patrick_zhao,,,07/18/2021 00:21:54-04,Client,,32262,,,,,,,,B222,
CT Shanghai,Network,NetworkStack,Planned,G0107196,Arista Networks,DCS-7010T-48-F,XA.SHA.01.02.B222.02.002,25,,,JPE20052707,,,,,,Rackable,Fixed,patrick_zhao,,,07/18/2021 00:08:38-04,Client,,32264,,,,,,,,B222,
CT Shanghai,Network,NetworkStack,Planned,G0107197,Arista Networks,DCS-7010T-48-F,XA.SHA.01.02.B222.02.001,25,,,JPE20052611,,,,,,Rackable,Fixed,patrick_zhao,,,07/18/2021 00:16:01-04,Client,,32261,,,,,,,,B222,